FixtureId, WTEvent, StartTime, EndTime, Broadcaster, Server,Decoder, DataSource, Sport, Competition, Country, Home, Away, Informatoion, Verified
flH1SjfsSEG96rowW-ZL2g, 10087059, 03/10/2026 18:30:00, 04/10/2026 01:30:00, Modus, Euro210,IGM_MODUS_CH01, Manually Created, Darts, Modus Super Series, United Kingdom, , , Evening Session, False
ffe41ea3-6bb0-4f7e-b055-b86ad0708ded, 10086736, 03/10/2026 00:00:00, 03/10/2026 02:30:00, Stadium Feed, Euro115,LVM_CH20, Stats Perform, Soccer, Bolivia - Copa Bolivia - Male, Bolivia, Real Potosi, Aurora, Group Stage, True
ff0bec82-6dd3-4d43-a5c0-b4a4ac370759, 10080755, 03/10/2026 15:30:00, 03/10/2026 18:30:00, Infront, Euro226,IGM_INF_DSC_DEFAULT, InFront Streaming, Ice Hockey, World - Czech 2. Liga - Mixed, World, Znojmo, Sumperk, Znojmo vs Sumperk, False
fe7a50b5-3a7d-4bc8-895d-a71f86ecdc61, 10080825, 03/10/2026 18:00:00, 03/10/2026 20:30:00, Infront, Euro204,IGM_INF_DSC_DEFAULT, InFront Streaming, Soccer, World - Dutch Eerste Divisie - Mixed, World, Waalwijk, FC Emmen, Waalwijk vs FC Emmen, False
fd7bea00-ed21-4e53-9c50-e90da2472b6d, 10088681, 03/10/2026 18:45:00, 03/10/2026 21:15:00, Sport TV 1 [21], Euro84,MEO 2, Stats Perform, Soccer, Europe - UEFA Nations League - Male, Europe, Spain, Czechia, League A, True
fcf37dd1-4c7a-4a35-ad4e-1dfadcaad4ce, 10086832, 03/10/2026 05:00:00, 03/10/2026 10:00:00, JSports1 [603], Jpn1,Not Set, Stats Perform, Baseball, Japan - NPB - Male, Japan, Hiroshima Carp, Hanshin Tigers, Regular Season, False
fca794f1-30c5-4b32-a12a-be3d4e8083f7, 10092916, 03/10/2026 09:57:00, 03/10/2026 11:17:22, Infront, Euro206,IGM_INF_DSC_DEFAULT, InFront Streaming, Tennis, Romania - M25 Slobozia - Male, Romania, Gabi Adrian Boitan, Borys Zgola, Gabi Adrian Boitan vs Borys Zgola, False
fc673458-9dc1-42c3-aa77-8160abbde204, 10080814, 03/10/2026 16:00:00, 03/10/2026 19:00:00, Infront, Euro213,IGM_INF_DSC_DEFAULT, InFront Streaming, Ice Hockey, Sweden - Swedish Hockey League - Mixed, Sweden, Farjestad BK, HV 71, Farjestad BK vs HV 71, False
fc36e087-db8d-496c-a992-e60cec159159, 10080761, 03/10/2026 15:00:00, 03/10/2026 18:00:00, Infront, Euro232,IGM_INF_DSC_DEFAULT, InFront Streaming, Ice Hockey, World - Czech 2. Liga - Mixed, World, Pisek, Pribram, Pisek vs Pribram, False
fb41cd75-e516-409c-a3e8-163a779c4adb, 10088618, 03/10/2026 16:00:00, 03/10/2026 19:30:00, 5 - WJZY FOX (WNYW), Us6,Not Set, Stats Perform, American Football, United States - NCAA Division I - Male, United States, Minnesota, Michigan, Regular Season, True
fa660855-39f1-4b5a-b1e4-26d3ecde459a, 10084746, 03/10/2026 18:00:00, 03/10/2026 20:30:00, Stadium Feed, Euro127,STH_CH13, Stats Perform, Soccer, Netherlands - Eerste Divisie - Male, Netherlands, Den Bosch, Dordrecht, , False
fa51654f-4b33-4ca5-a543-7794a8ad80e4, 10086341, 03/10/2026 16:00:00, 03/10/2026 18:15:00, Stadium Feed, Euro195,SAT_CH35, Stats Perform, Handball, Europe - EHF Women's Champions League - Female, Europe, Metz, Nykøbing, Group Stage, True
f9915589-c719-44d2-834a-17c0f7555b00, 10084712, 03/10/2026 18:45:00, 03/10/2026 21:15:00, Stadium Feed, Euro166,HBS_CH08, Stats Perform, Soccer, France - Ligue 3 - Male, France, Cannes, Quevilly-Rouen Metropole, , False
f80dabdd-321c-4697-a83c-485cd71f0e07, 10088607, 03/10/2026 23:00:00, 04/10/2026 02:30:00, 209 - ESPN 2, Us2,Not Set, Stats Perform, American Football, United States - NCAA Division I - Male, United States, Texas A&M, Arkansas, Regular Season, True
f767467a-d641-4d09-8780-7897467e88f7, 10086339, 03/10/2026 14:00:00, 03/10/2026 16:15:00, Stadium Feed, Euro180,SAT_CH33, Stats Perform, Handball, Europe - EHF Women's Champions League - Female, Europe, Ferencvarosi, CSM Bucuresti, Group Stage, True
f76243de-548d-4110-99f6-0b0c262ac5c4, 10092910, 03/10/2026 11:09:00, 03/10/2026 12:52:58, Infront, Euro223,IGM_INF_DSC_DEFAULT, InFront Streaming, Tennis, Spain - W35 Baza - Female, Spain, Celia Cervino Ruiz, Valentina Ivanov, Celia Cervino Ruiz vs Valentina Ivanov, False
f659bafa-e5d8-4899-9213-9d4609afb8f1, 10092923, 03/10/2026 10:10:00, 03/10/2026 11:34:11, Infront, Euro217,IGM_INF_DSC_DEFAULT, InFront Streaming, Tennis, World - W75 Quinta do Lago - Female, World, Eva Vedder, Margaux Rouvroy, Eva Vedder vs Margaux Rouvroy, False
f5221dd8-ce90-40c4-a895-ea3b2d5bc628, 10080775, 03/10/2026 13:15:00, 03/10/2026 16:15:00, Infront, Euro246,IGM_INF_DSC_DEFAULT, InFront Streaming, Ice Hockey, Sweden - Swedish Hockey League - Mixed, Sweden, Vaxjo Lakers HC, Rogle BK, Vaxjo Lakers HC vs Rogle BK, False
f46bf51e-b66a-4263-be04-9e6355e3e247, 10080706, 03/10/2026 00:23:00, 03/10/2026 02:53:00, Infront, Euro203,IGM_INF_DSC_DEFAULT, InFront Streaming, Basketball, Turkey - Turkish Basketball Lig Women - Mixed, Turkey, Istanbul GSK W, Galatasaray W, Istanbul GSK W vs Galatasaray W, False
f4532de0-cdbf-4123-a771-381f4f190982, 10080945, 03/10/2026 15:30:00, 03/10/2026 18:00:00, Infront, Euro212,IGM_INF_DSC_DEFAULT, InFront Streaming, Soccer, World - Italian Serie C - Mixed, World, Monopoli, Savoia, Monopoli vs Savoia, False
f4115fbf-35ae-4e0d-a5ed-b13a9d7d9019, 10091607, 03/10/2026 14:00:00, 03/10/2026 16:30:00, MediaPro, Euro232,IGM_MEDIAPRO_CH01, Stats Perform, Soccer, Uruguay - Liga AUF - Male, Uruguay, Liverpool, Progreso, Clausura, False
f33f8077-1d01-487f-a083-e2f86d252dbe, 10091229, 03/10/2026 19:00:00, 04/10/2026 01:00:00, 316 GOLF -S, Us26,Not Set, Stats Perform, Golf, United States - Compliance Solutions Championship - Mixed, United States, , , Compliance Solutions Championship 2026 : Round 3 - Singles, False
f32f585e-b8d9-4262-8744-410ea87c850a, 10080723, 03/10/2026 13:00:00, 03/10/2026 14:30:44, Infront, Euro220,IGM_INF_DSC_DEFAULT, InFront Streaming, Handball, World - Polish Superliga - Mixed, World, Wisla Plock, Slask Wroclaw, Wisla Plock vs Slask Wroclaw, False
f31704e6-a842-4415-9c16-baa28f0d6196, 10092869, 03/10/2026 01:07:00, 03/10/2026 02:18:44, Infront, Euro208,IGM_INF_DSC_DEFAULT, InFront Streaming, Tennis, World - W35 Wagga Wagga - Female, World, Mutsumi Uemura, Mio Mushika, Mutsumi Uemura vs Mio Mushika, False
f2eee4d2-314f-4828-b6a5-c959cc00e390, 10089643, 03/10/2026 16:00:00, 03/10/2026 18:30:00, DAZN Baloncesto [87], Euro32,Spain-2, Stats Perform, Basketball, Spain - Liga ACB - Male, Spain, Joventut, Andorra, Regular Season, True
f29d66eb-1fc3-4878-acb6-d9c86577295c, 10080735, 03/10/2026 12:30:00, 03/10/2026 14:33:04, Infront, Euro206,IGM_INF_DSC_DEFAULT, InFront Streaming, Soccer, World - Dutch Tweede Divisie - Mixed, World, Hardenberg, Ijsselmeervogels, Hardenberg vs Ijsselmeervogels, False
f23bea2a-fd74-4414-9c2d-d6600be60d00, 10083017, 03/10/2026 14:45:00, 03/10/2026 17:15:00, Stadium Feed, Euro191,FIB_CH47, Stats Perform, Basketball, Asia - West Asia Super League - Male, Asia, Al Riyadi, Al-Ula,  v , True
f19c9582-a77d-416a-b8b7-b4e8164dca4c, 10087457, 03/10/2026 19:00:00, 03/10/2026 21:30:00, Premier Sport 2 [419], Euro54,ASTRA-2, Stats Perform, Rugby Union, France - Top 14 - Male, France, Castres Olympique, Stade Toulousain, Regular Season, True
f14f0445-f08f-4d35-99fb-8578ebbbdbd1, 10081405, 03/10/2026 07:05:00, 03/10/2026 10:05:00, Super Sport ESPN 2 [219], Sa3,Not Set, Stats Perform, Aussie Rules, Australia - AFL Women - Female, Australia, Brisbane Lions, Gold Coast Suns, Regular Season, True
f0f2d1ba-b97d-46cc-80ff-d032c9e5c5a3, 10080743, 03/10/2026 12:30:00, 03/10/2026 14:24:44, Infront, Euro214,IGM_INF_DSC_DEFAULT, InFront Streaming, Soccer, World - Italian Serie C - Mixed, World, Sorrento, Casarano, Sorrento vs Casarano, False
f0ef3779-8db3-4e75-ac0f-4c957746343d, 10088754, 03/10/2026 11:30:00, 03/10/2026 14:00:00, Stadium Feed, Euro174,LPD_113, Stats Perform, Soccer, England - League Two - Male, England, Chesterfield, Tranmere Rovers, Regular Season, True
efe4973d-1319-412b-a997-aae9b3b317bd, 10080347, 03/10/2026 15:00:00, 03/10/2026 17:30:00, Infront, Euro214,IGM_INF_DSC_DEFAULT, InFront Streaming, Basketball, Turkey - Turkish Basketball Lig - Mixed, Turkey, Kipas Istiklal, Kecioren Baglum, Kipas Istiklal vs Kecioren Baglum, False
ef70b623-59ea-4a95-b78c-605134c6c784, 10080750, 03/10/2026 15:00:00, 03/10/2026 18:00:00, Infront, Euro221,IGM_INF_DSC_DEFAULT, InFront Streaming, Ice Hockey, World - Czech 2. Liga - Mixed, World, Opava, SHKM Hodonin, Opava vs SHKM Hodonin, False
ef56dabe-1ea2-499b-8841-3ec4b07cac26, 10084744, 03/10/2026 18:00:00, 03/10/2026 20:30:00, Stadium Feed, Euro128,STH_CH14, Stats Perform, Soccer, Netherlands - Eerste Divisie - Male, Netherlands, RKC Waalwijk, Emmen, , False
ee85d87d-f431-4fa9-b063-4815ee7327a7, 10080737, 03/10/2026 12:30:00, 03/10/2026 14:25:54, Infront, Euro208,IGM_INF_DSC_DEFAULT, InFront Streaming, Soccer, World - Dutch Tweede Divisie - Mixed, World, Rijnsburgse Boys, Kloetinge, Rijnsburgse Boys vs Kloetinge, False
ee0a51bb-bbbd-4076-a229-4657604b2953, 10085356, 03/10/2026 21:05:00, 03/10/2026 23:35:00, Stadium Feed, Euro196,GEN_CH04, Stats Perform, Soccer, Colombia - Primera A - Male, Colombia, Deportes Tolima, Boyaca Chico, Clausura, True
edd9243e-74ae-4d78-8df1-f8b52615c693, 10081916, 03/10/2026 15:00:00, 03/10/2026 17:30:00, Infront, Euro273,IGM_INF_DSC_DEFAULT, InFront Streaming, Basketball, Latvia - Latvian-Estonian League - Mixed, Latvia, Bigbank/Kalev, BC Parnu, Bigbank/Kalev vs BC Parnu, False
ed9dbff4-fc42-41d6-9c39-70f253d57082, 10092915, 03/10/2026 08:13:00, 03/10/2026 09:19:24, Infront, Euro203,IGM_INF_DSC_DEFAULT, InFront Streaming, Tennis, Romania - M25 Slobozia - Male, Romania, Jannik Opitz / Louis Wessels, Stefan Adrian Andreescu / Gheorghe Claudiu Schinteie, Jannik Opitz / Louis Wessels vs Stefan Adrian Andreescu / Gheorghe Claudiu Schinteie, False
ed0a5969-1461-4c8d-9141-5a55652dd328, 10080818, 03/10/2026 16:00:00, 03/10/2026 19:00:00, Infront, Euro217,IGM_INF_DSC_DEFAULT, InFront Streaming, Ice Hockey, Sweden - Swedish Hockey League - Mixed, Sweden, Farjestad BK, HV 71, Farjestad BK vs HV 71, False
ecdf4e33-5746-4a48-ab98-c55b5d904fbc, 10091552, 03/10/2026 18:00:00, 03/10/2026 20:30:00, Stadium Feed, Euro129,GEN_CH10, Stats Perform, Soccer, Argentina - Primera Nacional - Male, Argentina, San Miguel, Mitre Santiago d. Estero, Regular Season, True
eb675ab0-43e7-4f3b-ab7e-cd95e3ca627a, 10090829, 03/10/2026 12:00:00, 03/10/2026 14:30:00, Stadium Feed, Euro176,OVE_CH03, Stats Perform, Soccer, Spain - Segunda Division - Male, Spain, Albacete, Eibar, Regular Season, True
eb005728-16ea-4f55-8e3a-62561f9954fc, 10092786, 03/10/2026 18:15:00, 03/10/2026 21:15:00, Stadium Feed, Euro165,XVI_CH18, Stats Perform, Ice Hockey, France - Division 1 - Male, France, Tours, Lyon, Regular Season, True
ead773e6-571d-40d9-8e47-8b91f94203dc, 10085633, 03/10/2026 13:00:00, 03/10/2026 15:30:00, TV2 Sport X DK [108], Euro71,SCAND-11, Stats Perform, Soccer, Denmark - Kvindeliga - Female, Denmark, København, Brøndby, Regular Season, True
e9a93694-e901-460f-9d56-cb4a1d79ee08, 10092785, 03/10/2026 17:00:00, 03/10/2026 20:00:00, Stadium Feed, Euro143,XVI_CH09, Stats Perform, Ice Hockey, France - Division 1 - Male, France, Strasbourg, Villard-de-Lans, Regular Season, True
e88a558b-0d84-48a3-afc1-ff6a81b2cbee, 10084743, 03/10/2026 14:30:00, 03/10/2026 17:00:00, Stadium Feed, Euro190,STH_CH11, Stats Perform, Soccer, Netherlands - Eerste Divisie - Male, Netherlands, TOP Oss, MVV, , False
e7ed813c-568e-4da9-aa5f-c13c0a983c19, 10090687, 03/10/2026 16:00:00, 03/10/2026 18:30:00, Match Premier, Russia1,Not Set, Stats Perform, Soccer, Russia - Superliga Women - Female, Russia, Rostov, Krasnodar, , True
e7959a25-15d3-4c16-9dd1-7e56ffefa71c, 10086634, 03/10/2026 14:00:00, 03/10/2026 17:00:00, Infront, Euro279,IGM_INF_DSC_DEFAULT, InFront Streaming, Ice Hockey, Sweden - Swedish Hockeyettan - Mixed, Sweden, Vita Hasten, Tyringe, Vita Hasten vs Tyringe, False
e791332c-7ae5-4e9e-bb78-cadbcc000da6, 10088674, 03/10/2026 13:00:00, 03/10/2026 15:30:00, Sport TV 2 [22], Euro84,MEO 2, Stats Perform, Soccer, Europe - UEFA Nations League - Male, Europe, Finland, Albania, League C, True
e71fef5d-69f4-4f62-82d3-d4367634fffb, 10086894, 03/10/2026 21:30:00, 04/10/2026 00:00:00, Infront, Euro202,IGM_INF_DSC_DEFAULT, InFront Streaming, Soccer, Brazil - Brazilian Serie A - Mixed, Brazil, Atletico MG, Bragantino, Atletico MG vs Bragantino, False
e6e60fb6-98dc-4636-9932-11ca2cfad6f8, 10080790, 03/10/2026 14:00:00, 03/10/2026 16:30:00, Infront, Euro257,IGM_INF_DSC_DEFAULT, InFront Streaming, Soccer, Sweden - Swedish Ettan - Mixed, Sweden, Pitea IF FF, IF Karlstad Fotboll, Pitea IF FF vs IF Karlstad Fotboll, False
e5e3b52a-f04a-48d5-9af7-435fb762552d, 10084711, 03/10/2026 18:45:00, 03/10/2026 21:15:00, Stadium Feed, Euro167,HBS_CH07, Stats Perform, Soccer, France - Ligue 3 - Male, France, Amiens, Villefranche, , False
e57e6197-b730-486f-b65e-09e9eb04938e, 10088831, 03/10/2026 20:30:00, 03/10/2026 23:00:00, Stadium Feed, Euro179,GEN_CH07, Stats Perform, Soccer, Colombia - Primera B - Male, Colombia, Real Santander, Union Magdalena, Clausura, True
e50adfe6-5ff4-4faa-b51e-b2159ecc30a4, 10091378, 03/10/2026 09:00:00, 03/10/2026 11:30:00, Stadium Feed, Euro127,ZOO_Ch02, Stats Perform, Soccer, Europe - U20 Elite League - Male, Europe, France U20, Italy U20, , True
e4907453-bd9f-41a1-9837-13b6893aa548, 10090127, 03/10/2026 01:30:00, 03/10/2026 05:00:00, 315 TSN 5, Us21,Not Set, Stats Perform, American Football, Canada - CFL - Male, Canada, Saskatchewan Roughriders, Calgary Stampeders, Regular Season, True
e415b20f-9a61-4312-850b-9d44cf9f2096, 10090510, 03/10/2026 06:00:00, 03/10/2026 12:00:00, Sky Sport Moto GP [208], Euro7,Sky-IT4, Stats Perform, Motorsports, World - FIM MotoGP World Championship - Mixed, World, , , Motul Grand Prix of Japan  :  Sprint Race, True
e2cd0db5-83f1-44ea-8db6-2c765667817b, 10087254, 03/10/2026 23:00:00, 04/10/2026 02:00:00, 659 - ATTPT Root Sports, Us15,Not Set, Stats Perform, Ice Hockey, United States - NHL - Male, United States, Pittsburgh Penguins, Montreal Canadiens, Regular Season, True
e2b8f147-7c07-4374-84c4-6653c637e74c, 10084710, 03/10/2026 18:45:00, 03/10/2026 21:15:00, Stadium Feed, Euro168,HBS_CH06, Stats Perform, Soccer, France - Ligue 3 - Male, France, Versailles, Valenciennes, , False
e1b0e543-f844-4ed8-bc58-eca1b8aef64c, 10089252, 03/10/2026 18:00:00, 03/10/2026 21:00:00, Stadium Feed, Euro132,XVI_CH19, Stats Perform, Ice Hockey, Netherlands - Eredivisie - Male, Netherlands, Flyers Heerenveen, Red Eagles Den Bosch, Regular Season, True
e17b82c2-8147-40f6-acbf-ee8639bbe1c3, 10092208, 03/10/2026 22:30:00, 04/10/2026 01:00:00, Super Sport ESPN 2 [219], Sa2,Not Set, Stats Perform, Soccer, United States - NWSL - Female, United States, Kansas City Current, Bay, Regular Season, True
e11e4002-57b8-4459-a938-96777b580c7e, 10092784, 03/10/2026 18:30:00, 03/10/2026 21:30:00, Stadium Feed, Euro154,XVI_CH17, Stats Perform, Ice Hockey, France - Division 1 - Male, France, Lynx de Valence, Morzine-Avoriaz, Regular Season, True
e10a141d-e0eb-4330-974d-39f5c3d31e7d, 10087767, 03/10/2026 20:00:00, 03/10/2026 22:30:00, Stadium Feed, Euro111,ADC_CH04, Stats Perform, Basketball, World - Women's Basketball League Americas - Female, World, Sportiva Italiana, Araraquara, Semi-finals, True
e0c1019e-814c-403d-be93-f6c6f2bfe9ae, 10081404, 03/10/2026 05:05:00, 03/10/2026 08:05:00, 618 - FS2, Us9,Not Set, Stats Perform, Aussie Rules, Australia - AFL Women - Female, Australia, Western Bulldogs, St Kilda, Regular Season, True
e0771cb1-f1c3-40ea-848e-72a4c0433f66, 10085354, 03/10/2026 19:00:00, 03/10/2026 21:30:00, Stadium Feed, Euro158,GEN_CH05, Stats Perform, Soccer, Colombia - Primera A - Male, Colombia, Aguilas Doradas, Jaguares de Cordoba, Clausura, True
e06c78f4-1f6d-434c-86de-fdc21b2bb4f9, 10080745, 03/10/2026 13:00:00, 03/10/2026 14:54:29, Infront, Euro216,IGM_INF_DSC_DEFAULT, InFront Streaming, Soccer, World - Slovakian 2. Liga - Mixed, World, FK Inter Bratislava, Z. Moravce-Vrable, FK Inter Bratislava vs Z. Moravce-Vrable, False
e040d15f-2ed3-4653-ad26-c055df8260be, 10080819, 03/10/2026 16:00:00, 03/10/2026 19:00:00, Infront, Euro218,IGM_INF_DSC_DEFAULT, InFront Streaming, Ice Hockey, Sweden - Swedish Hockey League - Mixed, Sweden, Orebro HK, Lulea HF, Orebro HK vs Lulea HF, False
df82544f-346d-4139-a7fa-0f8faec98ff5, 10092947, 03/10/2026 11:00:00, 03/10/2026 13:00:00, Teledeporte [79], Euro34,Spain-4, Stats Perform, Futsal, Spain - Primera Division - Male, Spain, Cordoba Patrimonio, Jaen, Regular season, True
df1ab912-faf0-4e51-91ae-d50c41cf4ef8, 10088743, 03/10/2026 14:00:00, 03/10/2026 16:30:00, Game Postponed, Euro1,Not Set, Stats Perform, Soccer, England - League One - Male, England, AFC Wimbledon, Stevenage, Regular Season, False
de9e28cf-39a9-4f2c-8046-fb832a7c362d, 10087582, 03/10/2026 13:00:00, 03/10/2026 14:54:29, Infront, Euro283,IGM_INF_DSC_DEFAULT, InFront Streaming, Basketball, Turkey - Turkish Super Lig Women - Mixed, Turkey, Nesible Aydin W, Fenerbahce W, Nesible Aydin W vs Fenerbahce W, False
ddff4f39-ba08-456e-9927-5d93c761a710, 10088912, 03/10/2026 13:30:00, 03/10/2026 16:30:00, Stadium Feed, Euro152,XVI_CH03, Stats Perform, Ice Hockey, Europe - Baltic Championship - Male, Europe, Punks Vilnius, Mogo, Regular Season, True
dc68debf-b6fc-4b25-a2a0-2409b824ffbc, 10087756, 03/10/2026 21:10:00, 03/10/2026 23:40:00, Stadium Feed, Euro182,ADC_CH06, Stats Perform, Basketball, South America - Liga SudAmericana - Male, South America, Mogi das Cruzes, Importadora Alvarado, Group Stage, False
dc20d132-f840-4c2f-a581-ed707e685be7, 10080774, 03/10/2026 13:15:00, 03/10/2026 16:15:00, Infront, Euro245,IGM_INF_DSC_DEFAULT, InFront Streaming, Ice Hockey, Sweden - Swedish Hockey League - Mixed, Sweden, Timra IK, Skelleftea AIK, Timra IK vs Skelleftea AIK, False
db5d8a2f-e377-4367-a9d0-48750a9a8937, 10080826, 03/10/2026 18:00:00, 03/10/2026 20:30:00, Infront, Euro205,IGM_INF_DSC_DEFAULT, InFront Streaming, Basketball, Germany - German Basketball Bundesliga - Mixed, Germany, Syntainics MBC, Ulm, Syntainics MBC vs Ulm, False
daa90e93-78dd-4518-a936-33332218416f, 10089166, 03/10/2026 14:00:00, 03/10/2026 16:30:00, Game Postponed, Euro1,Not Set, Stats Perform, Soccer, England - League One - Male, England, Wigan Athletic, Mansfield Town, Regular Season, False
d617ee70-288d-4b5b-8f7e-f47115553610, 10092203, 03/10/2026 20:00:00, 04/10/2026 00:00:00, 5 - WJZY FOX (WNYW), Us6,Not Set, Stats Perform, Baseball, United States - MLB - Male, United States, Los Angeles Dodgers, Atlanta Braves, Los Angeles Dodgers v , True
d5e27020-9003-4266-a375-e572c33836c4, 10080782, 03/10/2026 14:00:00, 03/10/2026 17:00:00, Infront, Euro202,IGM_INF_DSC_DEFAULT, InFront Streaming, Ice Hockey, Finland - Finnish Liiga - Mixed, Finland, Jukurit, KalPa, Jukurit vs KalPa, False
d57e5049-3737-4da0-bb56-7ade36dccf37, 10087755, 03/10/2026 00:40:00, 03/10/2026 03:10:00, Stadium Feed, Euro182,ADC_CH06, Stats Perform, Basketball, South America - Liga SudAmericana - Male, South America, Independiente de Oliva, Importadora Alvarado, Group Stage, False
d568a477-93fd-4e48-a43e-267c9ea206f1, 10089666, 03/10/2026 18:45:00, 03/10/2026 21:15:00, TG4 [104], Euro49,SKYIE-1, Stats Perform, Rugby Union, Europe - United Rugby Championship - Male, Europe, Munster, Bulls, Regular Season, True
d4cf2926-d014-40fc-bd3f-634a277e0db0, 10080828, 03/10/2026 18:30:00, 03/10/2026 21:00:00, Infront, Euro207,IGM_INF_DSC_DEFAULT, InFront Streaming, Soccer, World - Italian Serie C - Mixed, World, Ospitaletto, Renate, Ospitaletto vs Renate, False
d35e8f48-b01b-4b9d-ba36-fab7298665d6, 10080792, 03/10/2026 14:00:00, 03/10/2026 16:30:00, Infront, Euro259,IGM_INF_DSC_DEFAULT, InFront Streaming, Soccer, Sweden - Swedish Ettan - Mixed, Sweden, Atvidabergs FF, Trollhattan, Atvidabergs FF vs Trollhattan, False
d314dbe0-ba93-4835-8c7d-3b9ce7b2273f, 10080816, 03/10/2026 16:00:00, 03/10/2026 19:00:00, Infront, Euro215,IGM_INF_DSC_DEFAULT, InFront Streaming, Ice Hockey, Sweden - Swedish HockeyAllsvenskan - Mixed, Sweden, Leksands IF, IK Oskarshamn, Leksands IF vs IK Oskarshamn, False
d2e2eefc-9e76-4719-a679-ad5926777c5d, 10085389, 03/10/2026 00:00:00, 03/10/2026 02:30:00, Stadium Feed, Euro117,MPR_CH04, Stats Perform, Soccer, N/C America - Concacaf Nations League - Male, N/C America, Martinique, Honduras, League A, True
d2c91228-0d1c-4e3f-a7db-7bb88bd1001c, 10080813, 03/10/2026 16:00:00, 03/10/2026 19:00:00, Infront, Euro212,IGM_INF_DSC_DEFAULT, InFront Streaming, Ice Hockey, Sweden - Swedish Hockey League - Mixed, Sweden, Linkoping HC, IF Bjorkloven, Linkoping HC vs IF Bjorkloven, False
d23ff497-b2f0-4c42-a374-1e798cdc2b64, 10088564, 03/10/2026 16:45:00, 03/10/2026 20:15:00, 611 - SEC Network, Us19,Not Set, Stats Perform, American Football, United States - NCAA Division I - Male, United States, Georgia, Vanderbilt, Regular Season, True
d0865933-41bc-4e13-93aa-466223cb4aef, 10082547, 03/10/2026 21:00:00, 03/10/2026 23:30:00, Stadium Feed, Euro181,FIF_CH09, Stats Perform, Soccer, Nicaragua - Primera Division - Male, Nicaragua, Sport Sebaco, Matagalpa, Apertura, True
d024a828-90e6-4250-a460-cabd0ca8ba76, 10090495, 03/10/2026 08:00:00, 03/10/2026 14:00:00, Sky Sport F1 [207], Euro6,Sky-IT3, Stats Perform, Motorsports, World - FIA F1 World Championship - Mixed, World, , , Gulf Air Bahrain Grand Prix  :  1st Qualification, True
cf55e87d-c8a3-4af7-a8a6-540a03d54283, 10080715, 03/10/2026 17:00:00, 03/10/2026 19:30:00, Infront, Euro212,IGM_INF_DSC_DEFAULT, InFront Streaming, Basketball, World - Slovenian Basketball League - Mixed, World, Hopsi Polzela, Rogaska, Hopsi Polzela vs Rogaska, False
ce0f5766-a640-48c2-9161-a23859481a3d, 10080733, 03/10/2026 11:00:00, 03/10/2026 12:58:54, Infront, Euro204,IGM_INF_DSC_DEFAULT, InFront Streaming, Soccer, Sweden - Swedish Ettan - Mixed, Sweden, Tvaakers IF, Hassleholms IF, Tvaakers IF vs Hassleholms IF, False
cd841182-313a-442a-aa9a-7cc18c606778, 10092780, 03/10/2026 18:00:00, 03/10/2026 21:00:00, Stadium Feed, Euro120,XVI_CH16, Stats Perform, Ice Hockey, France - Division 1 - Male, France, Cholet, Cometes de Meudon, Regular Season, True
cd2a65d1-2f9a-4543-b171-e3675f2e3198, 10086413, 03/10/2026 11:00:00, 03/10/2026 13:30:00, Stadium Feed, Euro173,FIF_CH04, Stats Perform, Soccer, Burundi - Ligue A - Male, Burundi, Rukinzo, Young Star, , True
cd1013b6-aa64-4907-b6e4-1c1a4987e786, 10086733, 03/10/2026 23:30:00, 04/10/2026 02:00:00, Stadium Feed, Euro114,LVM_CH19, Stats Perform, Soccer, Bolivia - Copa Bolivia - Male, Bolivia, The Strongest, Universitario de Vinto, Group Stage, True
cd06a5fc-90f1-4513-9b0e-9a0dfde6add3, 10080801, 03/10/2026 14:00:00, 03/10/2026 17:00:00, Infront, Euro268,IGM_INF_DSC_DEFAULT, InFront Streaming, Ice Hockey, Finland - Finnish Liiga - Mixed, Finland, Lukko, Assat, Lukko vs Ässät, False
cc81b0e5-60b8-41db-b9ad-ca4458ef11e0, 10091040, 03/10/2026 13:00:00, 03/10/2026 15:30:00, Polsat Sport [119], Euro16,POL-1, Stats Perform, Volleyball, Poland - Polska Liga (W) - Female, Poland, Pałac Bydgoszcz, Bielsko-Biała, Regular Season, True
cc4b3fea-a844-4585-988e-b8ff8dac3d1d, 10090533, 03/10/2026 14:00:00, 03/10/2026 16:30:00, TV2 Sport 1 Nor [17], Euro70,SCAND-10, Stats Perform, Soccer, Norway - 1. Division - Male, Norway, Haugesund, Stabæk, Regular Season, True
cc14d90c-966a-411c-a53c-7fbadbd76c12, 10086633, 03/10/2026 14:00:00, 03/10/2026 17:00:00, Infront, Euro278,IGM_INF_DSC_DEFAULT, InFront Streaming, Ice Hockey, Sweden - Swedish Hockeyettan - Mixed, Sweden, Enkoping, Pitea, Enkoping vs Pitea, False
cbcf1e86-6723-4405-908c-762b332c793b, 10088555, 03/10/2026 16:00:00, 03/10/2026 19:30:00, 209 - ESPN 2, Us2,Not Set, Stats Perform, American Football, United States - NCAA Division I - Male, United States, Houston, UCF, Regular Season, True
cbc89509-1a84-464f-b905-a4f9b44bbc75, 10090281, 03/10/2026 16:30:00, 03/10/2026 19:00:00, TNT Sport 1 [410], Euro55,ASTRA-3, Stats Perform, Rugby Union, England - Prem - Male, England, Gloucester Rugby, Harlequins, Regular Season, True
ca5d2f49-66dd-4825-861e-c4f1cd5a87f3, 10086732, 03/10/2026 21:15:00, 03/10/2026 23:45:00, Stadium Feed, Euro115,LVM_CH20, Stats Perform, Soccer, Bolivia - Copa Bolivia - Male, Bolivia, Nacional Potosi, Real Oruro, Group Stage, True
ca138543-d55f-4dad-abfc-86a0a15dce12, 10080739, 03/10/2026 12:30:00, 03/10/2026 14:33:04, Infront, Euro210,IGM_INF_DSC_DEFAULT, InFront Streaming, Soccer, World - Italian Serie C - Mixed, World, Cittadella, AlbinoLeffe, Cittadella vs AlbinoLeffe, False
c945ab89-9f9b-48f2-9fd4-eb266ef6f707, 10088669, 03/10/2026 16:00:00, 03/10/2026 18:30:00, Sport TV 3 [23], Euro85,MEO 3, Stats Perform, Soccer, Europe - UEFA Nations League - Male, Europe, Estonia, Luxembourg, League C, True
c7748039-7238-45ab-85df-1f3cc6851159, 10092945, 03/10/2026 16:00:00, 03/10/2026 18:30:00, Teledeporte [79], Euro34,Spain-4, Stats Perform, Basketball, Spain - Liga Femenina - Female, Spain, Estudiantes, Girona, Regular Season, True
c7530659-e94c-4034-b0d1-258bf95531bd, 10091666, 03/10/2026 16:00:00, 03/10/2026 18:30:00, MediaPro, Euro210,IGM_MEDIAPRO_CH02, Stats Perform, Soccer, Uruguay - Segunda Division - Male, Uruguay, Miramar Misiones, Paysandu, 2nd Phase, False
c6b0c31f-52f0-4863-8274-a5d916c0fa40, 10089642, 03/10/2026 19:00:00, 03/10/2026 21:30:00, DAZN Baloncesto 3, Euro32,Spain-2, Stats Perform, Basketball, Spain - Liga ACB - Male, Spain, Manresa, Breogan, Regular Season, True
c69272e0-82b8-4df3-a2a0-294ebb53162d, 10091236, 03/10/2026 13:00:00, 03/10/2026 15:30:00, JSports2 [604], Jpn2,Not Set, Stats Perform, Rugby Union, World - Rugby Union Women's Internationals - Female, World, Ireland, Japan, Friendlies 1, True
c5ed9015-b616-4347-b81c-87fb197105e7, 10090509, 03/10/2026 01:58:00, 03/10/2026 07:58:00, Sky Sport Moto GP [208], Euro7,Sky-IT4, Stats Perform, Motorsports, World - FIM MotoGP World Championship - Mixed, World, , , Motul Grand Prix of Japan  :  Qualifying 1, True
c55b85aa-dabf-4b17-97fd-27d9c1df9c23, 10086862, 03/10/2026 20:00:00, 03/10/2026 22:30:00, Arryadia [375], Euro13,HOTFTA-2, Stats Perform, Soccer, Morocco - Botola Pro - Male, Morocco, Raja Casablanca, Renaissance Zemamra, , True
c48a4710-280a-463f-96aa-45abd54bb34c, 10091769, 03/10/2026 11:30:00, 03/10/2026 14:00:00, Stadium Feed, Euro175,MPB_CH01, Stats Perform, Soccer, Belgium - Super League - Female, Belgium, Club Brugge, Anderlecht, Regular Season, True
c4555cea-869b-428e-9863-0823bb8ceae2, 10088543, 03/10/2026 23:30:00, 04/10/2026 03:00:00, 5 - WJZY FOX (WNYW), Us6,Not Set, Stats Perform, American Football, United States - NCAA Division I - Male, United States, Colorado, Texas Tech, Regular Season, True
c3db0dce-0ed7-477f-994a-d6a24a4b33b1, 10088542, 03/10/2026 19:00:00, 03/10/2026 22:30:00, 55 - WMYT, Us16,Not Set, Stats Perform, American Football, United States - NCAA Division I - Male, United States, Hampton, Howard, Regular Season, True
c2411829-5a88-47c1-9d0a-0ee4737f6970, 10091609, 03/10/2026 21:00:00, 03/10/2026 23:30:00, MediaPro, Euro203,IGM_MEDIAPRO_CH01, Stats Perform, Soccer, Uruguay - Liga AUF - Male, Uruguay, Deportivo Maldonado, Central Espanol, Clausura, True
c20ddacb-f732-4e01-90f5-d0dcda036684, 10080795, 03/10/2026 14:00:00, 03/10/2026 16:30:00, Infront, Euro262,IGM_INF_DSC_DEFAULT, InFront Streaming, Soccer, World - English National League - Mixed, World, Gateshead, Worthing, Gateshead vs Worthing, False
c10081b1-f2d8-4a96-8907-539aa0eb08e9, 10085534, 03/10/2026 08:00:00, 03/10/2026 10:30:00, Stadium Feed, Euro166,DZN_Ch23, Stats Perform, Soccer, Japan - J3 League - Male, Japan, Sagamihara, Osaka, Regular Season, True
c07a5433-841d-46a3-8dc5-6e28916b46e1, 10087674, 03/10/2026 00:00:00, 03/10/2026 02:30:00, Stadium Feed, Euro132,HGM_CH01, Stats Perform, Soccer, World - Friendlies - Male, World, Colombia, Paraguay, Friendlies 1, True
bff281b4-3699-4723-ab67-f37b08457775, 10088753, 03/10/2026 14:00:00, 03/10/2026 16:30:00, Stadium Feed, Euro181,LPD_105, Stats Perform, Soccer, England - League Two - Male, England, Grimsby Town, Shrewsbury Town, Regular Season, True
bfe63f43-1622-4b01-bb6d-504eb1fac291, 10086861, 03/10/2026 16:00:00, 03/10/2026 18:30:00, Arryadia [375], Euro13,HOTFTA-2, Stats Perform, Soccer, Morocco - Botola Pro - Male, Morocco, Hassania Agadir, Maghreb Fes, , True
bf383e9d-50d6-43b0-b7a8-3b01395dbcff, 10092635, 03/10/2026 00:09:00, 03/10/2026 01:19:42, Infront, Euro206,IGM_INF_DSC_DEFAULT, InFront Streaming, Tennis, World - W100 Templeton - Female, World, Thea Frodin / Anita Sahdiieva, Savannah Broadus / Allura Zamarripa, Thea Frodin / Anita Sahdiieva vs Savannah Broadus / Allura Zamarripa, False
bdf411ca-5074-4b1a-ae65-f9b11f1b0cd2, 10088533, 03/10/2026 16:00:00, 03/10/2026 19:30:00, 639 - SNY, Us12,Not Set, Stats Perform, American Football, United States - NCAA Division I - Male, United States, Columbia, Princeton, Regular Season, True
bd534a37-6dd4-4d6f-b26a-d97d7f4a6aab, 10080830, 03/10/2026 18:30:00, 03/10/2026 21:00:00, Infront, Euro209,IGM_INF_DSC_DEFAULT, InFront Streaming, Soccer, World - Italian Serie C - Mixed, World, Catania, Crotone, Catania vs Crotone, False
bca7eb92-2554-455a-a945-634998f1a2cc, 10091062, 03/10/2026 11:00:00, 03/10/2026 13:30:00, TVP Sport [183], Euro15,EPOL, Stats Perform, Soccer, Poland - Ekstraliga Women - Female, Poland, Gornik Łeczna, GKS Katowice, , True
bc7b9507-2af5-4682-ace4-afa1db817956, 10090156, 03/10/2026 14:35:00, 03/10/2026 17:05:00, Canal Plus Live 1 [231], Euro20,FRA-3, Stats Perform, Rugby Union, France - Top 14 - Male, France, Racing 92, Perpignan, Regular Season, True
bbaae6f9-581e-469f-a709-0ad48541494e, 10092779, 03/10/2026 17:30:00, 03/10/2026 20:30:00, Stadium Feed, Euro105,XVI_CH15, Stats Perform, Ice Hockey, France - Division 1 - Male, France, Yetis du Mont-Blanc, Dunkerque, Regular Season, True
b939003b-7fa6-4e73-bff8-a236e2adeac0, 10092124, 03/10/2026 01:00:00, 03/10/2026 03:30:00, 209 - ESPN 2, Us2,Not Set, Stats Perform, Basketball, United States - WNBA - Female, United States, Golden State Valkyries, Dallas Wings, Quarter-finals, True
b83ec3da-f352-424b-b569-5ea1fd3317f2, 10080779, 03/10/2026 13:15:00, 03/10/2026 16:15:00, Infront, Euro250,IGM_INF_DSC_DEFAULT, InFront Streaming, Ice Hockey, Sweden - Swedish Hockey League - Mixed, Sweden, Vaxjo Lakers HC, Rogle BK, Vaxjo Lakers HC vs Rogle BK, False
b720dad7-50ab-4f7e-ac3e-a72699a1669c, 10086631, 03/10/2026 14:00:00, 03/10/2026 17:00:00, Infront, Euro276,IGM_INF_DSC_DEFAULT, InFront Streaming, Ice Hockey, Sweden - Swedish Hockeyettan - Mixed, Sweden, Sollentuna, Boden, Sollentuna vs Boden, False
b6aede3e-e9ec-41a0-a24d-2e8c5e5ea3eb, 10081200, 03/10/2026 10:00:00, 03/10/2026 12:30:00, Stadium Feed, Euro171,JLE_CH02, Stats Perform, Soccer, Japan - J-League Cup - Male, Japan, Kashiwa Reysol, Gamba Osaka, 4th Round, True
b64cdffd-875f-4e92-89d2-e7559f76f53a, 10087253, 03/10/2026 23:00:00, 04/10/2026 02:00:00, Premier Sports 1 [419] united kingdom, Euro54,ASTRA-2, Stats Perform, Ice Hockey, United States - NHL - Male, United States, Edmonton Oilers, Seattle Kraken, Regular Season, True
b6493bf0-c126-4194-9f20-03c3fe47e5b7, 10091061, 03/10/2026 13:15:00, 03/10/2026 15:45:00, TVP Sport [183], Euro15,EPOL, score24, Soccer, Poland - 2.division - Male, Poland, Hutnik Krakow, GKS Tychy, Round 10, True
b5524929-6ae9-4535-9458-649cec7af219, 10080744, 03/10/2026 13:00:00, 03/10/2026 14:53:18, Infront, Euro215,IGM_INF_DSC_DEFAULT, InFront Streaming, Soccer, World - Slovakian 2. Liga - Mixed, World, MFK Zvolen, Slovan Bratislava B, MFK Zvolen vs Slovan Bratislava B, False
b4ff64b6-3ea1-4f0e-9389-7bf7915b0511, 10080771, 03/10/2026 13:00:00, 03/10/2026 14:56:54, Infront, Euro242,IGM_INF_DSC_DEFAULT, InFront Streaming, Soccer, World - Dutch Tweede Divisie - Mixed, World, Raalte, GVVV, Raalte vs GVVV, False
b47eaaa9-29c1-4202-80e0-ced410f42887, 10080751, 03/10/2026 16:00:00, 03/10/2026 19:00:00, Infront, Euro222,IGM_INF_DSC_DEFAULT, InFront Streaming, Ice Hockey, World - Czech 2. Liga - Mixed, World, Prostejov 1913, Koprivnice, Prostejov 1913 vs Koprivnice, False
b4645a8d-4194-4496-9f05-2f12fd1dc444, 10089248, 03/10/2026 17:00:00, 03/10/2026 20:00:00, Stadium Feed, Euro147,XVI_CH10, Stats Perform, Ice Hockey, Netherlands - Eredivisie - Male, Netherlands, Smoke Eaters Geleen, Capitals Leeuwarden, Regular Season, True
b42190aa-3845-4a44-aa56-a3774eec9021, 10080748, 03/10/2026 13:00:00, 03/10/2026 14:53:18, Infront, Euro219,IGM_INF_DSC_DEFAULT, InFront Streaming, Soccer, World - Slovakian 2. Liga - Mixed, World, MFK Bytca, Zilina B, MFK Bytca vs Zilina B, False
b40db2e8-1d7f-455c-b3d8-662e5fbdbe3f, 10088911, 03/10/2026 15:00:00, 03/10/2026 18:00:00, Stadium Feed, Euro151,XVI_CH04, Stats Perform, Ice Hockey, Europe - Baltic Championship - Male, Europe, Tallinn Panter, Liepaja, Regular Season, True
b30ebde8-00a4-4c85-b560-1416bac673d4, 10092354, 03/10/2026 01:07:00, 03/10/2026 02:22:20, Infront, Euro207,IGM_INF_DSC_DEFAULT, InFront Streaming, Tennis, World - W35 Wagga Wagga - Female, World, Amy Stevens / Belle Thompson, Yuno Kitahara / I Wen Wan, Amy Stevens / Belle Thompson vs Yuno Kitahara / I Wen Wan, False
b0fdaad1-b86d-45ee-9fdd-31519f3f2dfe, 10080827, 03/10/2026 18:30:00, 03/10/2026 21:00:00, Infront, Euro206,IGM_INF_DSC_DEFAULT, InFront Streaming, Soccer, World - Italian Serie C - Mixed, World, Folgore Caratese, Desenzano, Folgore Caratese vs Desenzano, False
afd850a7-dd95-48f9-96ed-2a63d75d6e4f, 10091039, 03/10/2026 10:00:00, 03/10/2026 12:30:00, Polsat Sport [119], Euro16,POL-1, Stats Perform, Volleyball, Poland - Polska Liga (W) - Female, Poland, Sokoł Mogilno, Radomka Radom, Regular Season, True
af1d90fa-baa3-480c-98a9-8b56e27214fe, 10091056, 03/10/2026 15:30:00, 03/10/2026 18:00:00, Polsat Sport 2 [118], Euro17,POL-2, Stats Perform, Basketball, Poland - PLK - Male, Poland, Astoria Bydgoszcz, Zielona Gora, Regular Season, True
ada2b907-d994-40d9-b88e-f65dfc0fe025, 10080794, 03/10/2026 14:00:00, 03/10/2026 16:30:00, Infront, Euro261,IGM_INF_DSC_DEFAULT, InFront Streaming, Soccer, Sweden - Swedish Ettan - Mixed, Sweden, Skovde AIK, Utsikten, Skovde AIK vs Utsikten, False
ac6ab2e3-1a3d-49c8-8bfd-ec30d81c3631, 10089505, 03/10/2026 18:00:00, 03/10/2026 20:30:00, 315 TSN 5, Us21,Not Set, Stats Perform, Soccer, World - Friendlies - Male, World, Canada, Peru, Friendlies 1, True
ac669b75-c1cf-4e14-ab5e-d5db03b07697, 10087580, 03/10/2026 11:00:00, 03/10/2026 13:08:34, Infront, Euro252,IGM_INF_DSC_DEFAULT, InFront Streaming, Basketball, Turkey - Turkish Super Lig Women - Mixed, Turkey, CBK Mersin W, Ormanspor W, CBK Mersin W vs Ormanspor W, False
ab22064d-8ee3-471e-a996-bb2d1b417a14, 10090686, 03/10/2026 11:30:00, 03/10/2026 14:00:00, Match Premier, Russia1,Not Set, Stats Perform, Soccer, Russia - Superliga Women - Female, Russia, Spartak Moskva, Zenit, , True
aabf73fa-5ca4-423f-9b9c-15fd11aeba7d, 10086029, 03/10/2026 22:15:00, 04/10/2026 00:45:00, Stadium Feed, Euro184,SMP_CH09, Stats Perform, Soccer, Paraguay - Division Profesional - Male, Paraguay, Recoleta, Libertad, Clausura, True
aa90f5e8-c56c-4624-99bf-eaf52dffadba, 10080817, 03/10/2026 16:00:00, 03/10/2026 19:00:00, Infront, Euro216,IGM_INF_DSC_DEFAULT, InFront Streaming, Ice Hockey, Sweden - Swedish Hockey League - Mixed, Sweden, Linkoping HC, IF Bjorkloven, Linkoping HC vs IF Bjorkloven, False
a8ed7559-0bdc-4245-9da8-9955e5fdfca3, 10080809, 03/10/2026 15:30:00, 03/10/2026 18:00:00, Infront, Euro208,IGM_INF_DSC_DEFAULT, InFront Streaming, Soccer, World - Italian Serie C - Mixed, World, Livorno, Pescara, Livorno vs Pescara, False
a87d9c5e-f23f-4666-a5cd-2d14608af0fa, 10080802, 03/10/2026 14:00:00, 03/10/2026 17:00:00, Infront, Euro269,IGM_INF_DSC_DEFAULT, InFront Streaming, Ice Hockey, Finland - Finnish Mestis - Mixed, Finland, Pyry, Kettera, Pyry vs Ketterä, False
a8079333-11cf-4bce-87f6-5d20f927bd3a, 10080731, 03/10/2026 11:00:00, 03/10/2026 12:57:43, Infront, Euro202,IGM_INF_DSC_DEFAULT, InFront Streaming, Soccer, Sweden - Swedish Ettan - Mixed, Sweden, Stockholm Internazionale, Assyriska FF, Stockholm Internazionale vs Assyriska FF, False
a7daeebd-2975-41eb-95a0-acf13fe05fcc, 10080810, 03/10/2026 15:30:00, 03/10/2026 18:00:00, Infront, Euro209,IGM_INF_DSC_DEFAULT, InFront Streaming, Soccer, World - Italian Serie C - Mixed, World, Giugliano, Barletta, Giugliano vs Barletta, False
a708b026-8fce-4446-b1d2-1840e305cda3, 10080773, 03/10/2026 13:15:00, 03/10/2026 16:15:00, Infront, Euro244,IGM_INF_DSC_DEFAULT, InFront Streaming, Ice Hockey, Sweden - Swedish Hockey League - Mixed, Sweden, IF Malmo Redhawks, Brynas IF, IF Malmo Redhawks vs Brynas IF, False
a6feb645-36e0-4553-b63e-586680237668, 10088496, 03/10/2026 16:00:00, 03/10/2026 19:30:00, 11 - WPIX, Us5,Not Set, Stats Perform, American Football, United States - NCAA Division I - Male, United States, SMU, Boston College, Regular Season, True
a6c388c1-00b8-451f-9f17-280f3227a96d, 10086729, 03/10/2026 19:00:00, 03/10/2026 21:30:00, Stadium Feed, Euro114,LVM_CH19, Stats Perform, Soccer, Bolivia - Copa Bolivia - Male, Bolivia, Always Ready, Real Tomayapo, Group Stage, True
a68df078-eb71-411b-938d-dacc7f13a3ad, 10080799, 03/10/2026 14:00:00, 03/10/2026 17:00:00, Infront, Euro266,IGM_INF_DSC_DEFAULT, InFront Streaming, Ice Hockey, World - Kontinental Hockey League - Mixed, World, SKA, Admiral, SKA vs Admiral, False
a67f3889-a11d-43d9-8ce3-b9d84b28ae24, 10090828, 03/10/2026 16:30:00, 03/10/2026 19:00:00, Stadium Feed, Euro145,OVE_CH01, Stats Perform, Soccer, Spain - Segunda Division - Male, Spain, Cadiz, Leganes, Regular Season, True
a5e8408f-4626-43d6-ae9b-8c4ebdd7d3ee, 10085650, 03/10/2026 14:00:00, 03/10/2026 16:15:00, TV2 Denmark [3], Euro72,DEN-1, Stats Perform, Handball, Denmark - Ligaen - Male, Denmark, GOG, Aalborg, Regular Season, True
a5569fe6-d22e-48e9-9949-5dd7b529c720, 10089245, 03/10/2026 18:00:00, 03/10/2026 21:00:00, Stadium Feed, Euro134,XVI_CH20, Stats Perform, Ice Hockey, Netherlands - Eredivisie - Male, Netherlands, Eindhoven Kemphanen, Marne Groningen, Regular Season, True
a4c5422f-b103-41f1-b55e-b23594f843a3, 10088830, 03/10/2026 20:30:00, 03/10/2026 23:00:00, Stadium Feed, Euro159,GEN_CH06, Stats Perform, Soccer, Colombia - Primera B - Male, Colombia, Patriotas Boyaca, Independiente Cauca, Clausura, True
a486ffd1-d224-4b6b-9b3f-55827f129646, 10080712, 03/10/2026 16:00:00, 03/10/2026 18:30:00, Infront, Euro209,IGM_INF_DSC_DEFAULT, InFront Streaming, Basketball, World - Slovakian Extraliga - Mixed, World, Levice, BC Komarno, Levice vs BC Komarno, False
a454d0e9-4f2e-443b-b51a-3de2f70e8fd1, 10090272, 03/10/2026 15:30:00, 03/10/2026 18:00:00, TG4 [104], Euro49,SKYIE-1, Stats Perform, Soccer, Republic of Ireland - Women's Premier Division - Female, Republic of Ireland, Athlone Town, Galway United, , True
a4048491-34ca-4dfa-96cd-b3c4b579c298, 10088492, 03/10/2026 22:00:00, 04/10/2026 01:30:00, 242 - USA, Us9,Not Set, Stats Perform, American Football, United States - NCAA Division I - Male, United States, Colorado State, Oregon State, Regular Season, True
a3fc6f44-083c-415a-a51d-5397e78ea0ba, 10083742, 03/10/2026 15:55:00, 03/10/2026 19:25:00, Al Kass [031 / 501], Israel4,Not Set, Stats Perform, Soccer, Asia - Gulf Cup of Nations - Male, Asia, Saudi Arabia, Qatar,  v , True
a381e564-ce0d-420f-b706-b0a5dcb0ce1f, 10086336, 03/10/2026 14:00:00, 03/10/2026 16:15:00, Stadium Feed, Euro157,SAT_CH49, Stats Perform, Handball, Europe - EHF Women's Champions League - Female, Europe, Blomberg Lippe, Podravka, Group Stage, True
a3447a3c-d708-4f7b-adf6-5c35e7d4621a, 10090158, 03/10/2026 14:35:00, 03/10/2026 17:05:00, Canal Plus Live 3 [233], Euro21,FRA-4, Stats Perform, Rugby Union, France - Top 14 - Male, France, Stade Rochelais, Clermont, Regular Season, True
a324433f-713c-4c43-9afb-c748cca837d4, 10086831, 03/10/2026 09:00:00, 03/10/2026 14:00:00, 608 - G-, Jpn5,Not Set, Stats Perform, Baseball, Japan - NPB - Male, Japan, Yomiuri Giants, Yokohama BayStars, Regular Season, False
a31ff21a-9fa8-4887-b999-9ea7bc10fc34, 10088489, 03/10/2026 20:00:00, 03/10/2026 23:30:00, 219 - FS1, Us18,Not Set, Stats Perform, American Football, United States - NCAA Division I - Male, United States, Nebraska, Maryland, Regular Season, True
a2acbf78-3fd9-4dbf-aad4-7187a60b3e08, 10092862, 03/10/2026 18:30:00, 03/10/2026 21:00:00, Infront, Euro222,IGM_INF_DSC_DEFAULT, InFront Streaming, Basketball, World - Serbian Kosarkaska liga - Mixed, World, Dynamic Balkan Bet, Okk Beograd, Dynamic Balkan Bet vs Okk Beograd, False
a28d2efb-d2e4-4847-86aa-dec7d49d3847, 10084736, 03/10/2026 18:00:00, 03/10/2026 20:30:00, Stadium Feed, Euro135,STH_CH12, Stats Perform, Soccer, Netherlands - Eerste Divisie - Male, Netherlands, Eindhoven, De Graafschap, , False
a237f385-36b2-40f3-9150-e694b084f02a, 10081934, 03/10/2026 06:00:00, 03/10/2026 08:30:00, Stadium Feed, Euro155,DZN_Ch18, Stats Perform, Soccer, Japan - U21 J-League - Male, Japan, Kawasaki Frontale Res., Tokyo Verdy Res., Group Stage, True
a1e830ea-e946-4b72-b617-1b204338a1b9, 10087765, 03/10/2026 23:00:00, 04/10/2026 01:30:00, Stadium Feed, Euro111,ADC_CH04, Stats Perform, Basketball, World - Women's Basketball League Americas - Female, World, Leones de Quilpue, Bay Area Phoenix, Semi-finals, True
a1b4d1cb-79d5-4cda-a824-67df91afcdd8, 10089640, 03/10/2026 17:30:00, 03/10/2026 20:00:00, DAZN Baloncesto 2, Euro33,Spain-3, Stats Perform, Basketball, Spain - Liga ACB - Male, Spain, Malaga, Tenerife, Regular Season, True
a16927fc-0432-4fee-83aa-af8eba641244, 10080803, 03/10/2026 14:10:00, 03/10/2026 17:10:00, Infront, Euro270,IGM_INF_DSC_DEFAULT, InFront Streaming, Ice Hockey, World - Kontinental Hockey League - Mixed, World, Dinamo Mn, Lokomotiv, Dinamo Mn vs Lokomotiv, False
a12858f9-0c56-44f6-b6a2-ffd8f9bbc1ac, 10088487, 03/10/2026 17:00:00, 03/10/2026 20:30:00, 642 - CSN MidAtlantic NBC Wash, Us8,Not Set, Stats Perform, American Football, United States - NCAA Division I - Male, United States, Monmouth Hawks, Towson, Regular Season, True
a1068c32-3226-4aa2-a475-6b08e0e31dc4, 10089662, 03/10/2026 09:15:00, 03/10/2026 11:45:00, Super Sport Rugby [211], Sa1,Not Set, Stats Perform, Rugby Union, South Africa - SA Rugby U20 Cup - Male, South Africa, Lions U20, DHL Stormer Bolts U20, Regular Season, True
a0716540-d9c2-4290-9404-cca6f3ea57d2, 10091165, 03/10/2026 15:30:00, 03/10/2026 18:00:00, Stadium Feed, Euro192,FIF_CH11, Stats Perform, Soccer, Burkina Faso - Ligue 1 - Male, Burkina Faso, Majestic, Vitesse, , True
9f8c9de8-2b3d-444b-b072-f9879251526a, 10088484, 03/10/2026 23:45:00, 04/10/2026 03:15:00, 611 - SEC Network, Us19,Not Set, Stats Perform, American Football, United States - NCAA Division I - Male, United States, LSU, McNeese State, Regular Season, True
9f7d66cb-0076-40d9-8f3f-9307ae1a8b02, 10080742, 03/10/2026 12:30:00, 03/10/2026 14:28:17, Infront, Euro213,IGM_INF_DSC_DEFAULT, InFront Streaming, Soccer, World - Italian Serie C - Mixed, World, Cavese, Casertana, Cavese vs Casertana, False
9f03fd4b-0978-49fc-bf52-d38959749abb, 10091743, 03/10/2026 17:55:00, 03/10/2026 20:25:00, Sport 5 - [55], Israel9,Not Set, Stats Perform, Basketball, Israel - Premier League Cup - Male, Israel, Hapoel Tel Aviv, Ironi Nes Ziona, Semi-finals, True
9efbee6e-accc-4e79-9cb6-6c160bc527b9, 10081401, 03/10/2026 03:05:00, 03/10/2026 06:05:00, 621- FSP, Us16,Not Set, Stats Perform, Aussie Rules, Australia - AFL Women - Female, Australia, GWS Giants, Essendon, Regular Season, True
9e89bfb4-a0af-48b8-b117-a499fd8caa72, 10084696, 03/10/2026 15:05:00, 03/10/2026 17:35:00, MBC Action, Israel12,Not Set, Stats Perform, Soccer, Saudi Arabia - Women’s Premier League - Female, Saudi Arabia, Al Taraji, Al Ittihad, , False
9e464c92-4955-4a94-8c68-8452d59a380d, 10085501, 03/10/2026 22:30:00, 04/10/2026 01:00:00, Stadium Feed, Euro185,XVI_CH30, Stats Perform, Soccer, Brazil - Serie C - Male, Brazil, Paysandu, Ferroviaria, Promotion Round, True
9cc5c1c1-3ad7-4ca6-b9ff-c2106c6cafce, 10086635, 03/10/2026 14:00:00, 03/10/2026 17:00:00, Infront, Euro280,IGM_INF_DSC_DEFAULT, InFront Streaming, Ice Hockey, Sweden - Swedish Hockeyettan - Mixed, Sweden, Morrums GoIS, Hanvikens, Morrums GoIS vs Hanvikens, False
9c8a7e69-99de-4d03-8f18-cddd76d517d8, 10088748, 03/10/2026 14:00:00, 03/10/2026 16:30:00, Game Postponed, Euro1,Not Set, Stats Perform, Soccer, England - League One - Male, England, Blackpool, Leicester City, Regular Season, False
9c4469fc-35f2-4ea4-8fef-8d2f7a2d1f92, 10081400, 03/10/2026 09:15:00, 03/10/2026 12:15:00, Super Sport ESPN 2 [219], Sa3,Not Set, Stats Perform, Aussie Rules, Australia - AFL Women - Female, Australia, Port Adelaide, Adelaide, Regular Season, True
9c2c777c-8f19-4f6f-b06d-006340025099, 10090752, 03/10/2026 20:30:00, 03/10/2026 23:00:00, Stadium Feed, Euro163,ZAP_CH01, Stats Perform, Soccer, Ecuador - Liga Pro Serie B - Male, Ecuador, LDU Portoviejo, El Nacional, Relegation Round, True
9be9528e-0d64-4a94-8035-d38113375049, 10091768, 03/10/2026 17:30:00, 03/10/2026 20:00:00, Stadium Feed, Euro122,SPI_CH02, Stats Perform, Soccer, Belgium - Super League - Female, Belgium, Gent, Zulte Waregem, Regular Season, True
9bd6070e-7247-4517-9cb9-3dc38554d8ad, 10092900, 03/10/2026 10:00:00, 03/10/2026 12:30:00, Stadium Feed, Euro172,ADC_CH20, Stats Perform, Soccer, Asia - FIFA ASEAN Cup - Male, Asia, Hong Kong, China, Cambodia, Challenge Division - Final, True
9bbe8a80-290a-49df-83a0-2b7234def353, 10080780, 03/10/2026 13:15:00, 03/10/2026 16:15:00, Infront, Euro251,IGM_INF_DSC_DEFAULT, InFront Streaming, Ice Hockey, Sweden - Swedish Hockey League - Mixed, Sweden, Frolunda HC, Djurgardens IF, Frolunda HC vs Djurgardens IF, False
9bb22959-7cd5-4bd3-b4c0-86b0294742ea, 10080804, 03/10/2026 14:30:00, 03/10/2026 17:00:00, Infront, Euro205,IGM_INF_DSC_DEFAULT, InFront Streaming, Soccer, World - Dutch Eerste Divisie - Mixed, World, Oss, Maastricht, Oss vs Maastricht, False
9b083d39-f734-445a-ba99-6ddd8d759847, 10083741, 03/10/2026 18:30:00, 03/10/2026 21:30:00, Sportdigital Fussball HD [241], Euro28,GER-4, Stats Perform, Soccer, Asia - Gulf Cup of Nations - Male, Asia, UAE, Oman,  v , True
99c5c09f-43ef-4b4c-98ee-b2b94a3de6df, 10080766, 03/10/2026 13:00:00, 03/10/2026 14:56:54, Infront, Euro237,IGM_INF_DSC_DEFAULT, InFront Streaming, Soccer, World - Italian Serie A Women - Mixed, World, Fiorentina W, Sassuolo W, Fiorentina W vs Sassuolo W, False
99474504-8c02-4add-acf7-32dc383a0e3a, 10086830, 03/10/2026 09:00:00, 03/10/2026 14:00:00, JSports3 [606], Jpn3,Not Set, Stats Perform, Baseball, Japan - NPB - Male, Japan, Tohoku Rakuten, Orix Buffaloes, Regular Season, False
9865d347-257a-4777-bd2f-ea64337f3e7b, 10085383, 03/10/2026 02:00:00, 03/10/2026 04:30:00, Stadium Feed, Euro121,MPR_CH05, Stats Perform, Soccer, N/C America - Concacaf Nations League - Male, N/C America, El Salvador, Jamaica, League A, True
98064fab-5d69-4057-ae55-9fa08f356c94, 10091668, 03/10/2026 22:00:00, 04/10/2026 00:30:00, MediaPro, Euro204,IGM_MEDIAPRO_CH02, Stats Perform, Soccer, Uruguay - Segunda Division - Male, Uruguay, Tacuarembo, Atenas, 2nd Phase, False
96e7a404-d440-4e31-941e-a0fd91536bd7, 10089437, 03/10/2026 14:00:00, 03/10/2026 16:30:00, Stadium Feed, Euro183,PIX_CH04, Stats Perform, Soccer, Scotland - Championship - Male, Scotland, Greenock Morton, Raith Rovers, , True
96d16d88-1299-4c00-a08e-dc63771ec11a, 10090584, 03/10/2026 12:31:00, 03/10/2026 18:31:00, Sky Sport F1 [207], Euro6,Sky-IT3, Stats Perform, Motorsports, World - FIA World Rally Championship - Mixed, World, , , Rally Italia Sardegna  :  Stage 11, True
96390dfc-833c-4124-87e8-da50451bd430, 10086632, 03/10/2026 14:00:00, 03/10/2026 17:00:00, Infront, Euro277,IGM_INF_DSC_DEFAULT, InFront Streaming, Ice Hockey, Sweden - Swedish Hockeyettan - Mixed, Sweden, Kiruna IF, Borlange, Kiruna IF vs Borlange, False
955babab-51f0-44aa-a7ee-9092ed6958c7, 10090827, 03/10/2026 16:30:00, 03/10/2026 19:00:00, Stadium Feed, Euro119,OVE_CH05, Stats Perform, Soccer, Spain - Segunda Division - Male, Spain, Sabadell, FC Andorra, Regular Season, True
94ea8e53-fbaa-4fa2-bc55-eec4373cea5d, 10091164, 03/10/2026 15:30:00, 03/10/2026 18:00:00, Stadium Feed, Euro193,FIF_CH16, Stats Perform, Soccer, Burkina Faso - Ligue 1 - Male, Burkina Faso, Rahimo, Douanes, , True
94600d9f-2295-4704-877d-4d4b51b299f2, 10088466, 03/10/2026 19:30:00, 03/10/2026 23:00:00, 2- CBS WBTV, Us7,Not Set, Stats Perform, American Football, United States - NCAA Division I - Male, United States, Iowa, Ohio State, Regular Season, True
9452f899-3283-4e8c-bc0d-60c0d56f14ea, 10090200, 03/10/2026 00:30:00, 03/10/2026 03:00:00, Stadium Feed, Euro196,GEN_CH04, Stats Perform, Soccer, Argentina - Liga Profesional Argentina - Male, Argentina, Boca Juniors, Union, Clausura, True
93f7a27b-ff44-4d1f-9762-0a824d2ab511, 10084709, 03/10/2026 18:45:00, 03/10/2026 21:15:00, Stadium Feed, Euro169,HBS_CH01, Stats Perform, Soccer, France - Ligue 3 - Male, France, Concarneau, Paris 13 Atletico, , False
93d74597-7629-4593-9840-b40dfe4a7746, 10090918, 03/10/2026 16:00:00, 03/10/2026 18:30:00, Stadium Feed, Euro162,OVE_CH07, Stats Perform, Soccer, Spain - Primera Division Femenina - Female, Spain, Madrid, Athletic Club, , True
925fa219-72a6-41ed-bf45-c2f77fdca159, 10089244, 03/10/2026 15:45:00, 03/10/2026 18:45:00, Stadium Feed, Euro142,XVI_CH07, Stats Perform, Ice Hockey, Netherlands - Eredivisie - Male, Netherlands, Amsterdam Tigers, Dordrecht Lions, Regular Season, True
91bba72a-2871-4579-af41-20b27c03c1d8, 10090519, 03/10/2026 03:45:00, 03/10/2026 09:45:00, Sky Sport Moto GP [208], Euro7,Sky-IT4, Stats Perform, Motorsports, World - FIM Moto3 World Championship - Mixed, World, , , Motul Grand Prix of Japan  :  Qualifying 1, True
9194e5e9-506c-4c1b-a250-c949ad7021e9, 10087542, 03/10/2026 20:00:00, 03/10/2026 22:30:00, Infront, Euro212,IGM_INF_DSC_DEFAULT, InFront Streaming, Soccer, Brazil - Brazilian Serie B - Mixed, Brazil, Cuiaba, Ponte Preta, Cuiaba vs Ponte Preta, False
90d42130-1855-4341-a892-7fdade120f5e, 10090577, 03/10/2026 12:00:00, 03/10/2026 14:15:00, Digi Sport 1 [14/12], Euro74,ROM-1, Stats Perform, Handball, Europe - EHF Women's European League - Female, Europe, Ramnicu Valcea, Metzingen, 2nd Qualifying Round, True
90c6a0bf-8b46-4929-b727-816ee2568ff3, 10092921, 03/10/2026 09:08:00, 03/10/2026 09:40:52, Infront, Euro208,IGM_INF_DSC_DEFAULT, InFront Streaming, Tennis, World - W75 Quinta do Lago - Female, World, Lisa Pigato, Katie Swan, Lisa Pigato vs Katie Swan, False
90b38297-c22e-49cf-996a-31f6ae7b8da6, 10084708, 03/10/2026 18:45:00, 03/10/2026 21:15:00, Stadium Feed, Euro170,HBS_CH02, Stats Perform, Soccer, France - Ligue 3 - Male, France, Rouen, Bourg-Peronnas, , False
8f8b5a30-99b7-4f98-a28e-3e1f83cef17f, 10092166, 03/10/2026 16:00:00, 03/10/2026 18:30:00, Stadium Feed, Euro117,XVI_CH21, Stats Perform, Soccer, World - Club Friendlies - Male, World, Brest, Monza, Club Friendlies 3, True
8f41cfd5-d119-47ef-b3da-585901232861, 10086630, 03/10/2026 14:00:00, 03/10/2026 17:00:00, Infront, Euro275,IGM_INF_DSC_DEFAULT, InFront Streaming, Ice Hockey, Sweden - Swedish Hockeyettan - Mixed, Sweden, Jarfalla, Ornskoldsvik, Jarfalla vs Ornskoldsvik, False
8f3d6d16-7d0b-4016-85e0-9f46516cb5c0, 10080812, 03/10/2026 16:00:00, 03/10/2026 18:30:00, Infront, Euro211,IGM_INF_DSC_DEFAULT, InFront Streaming, Soccer, World - Slovakian 2. Liga - Mixed, World, Presov, Lehota p.v, Presov vs Lehota p.v, False
8e9c1628-5657-4f98-96ac-da609f2a1b98, 10088462, 03/10/2026 23:30:00, 04/10/2026 03:00:00, 221 - CBSSN, Us14,Not Set, Stats Perform, American Football, United States - NCAA Division I - Male, United States, Boise State, Utah State, Regular Season, True
8e53f328-3e0b-4dab-9f05-d2d81811380d, 10080772, 03/10/2026 13:00:00, 03/10/2026 14:55:43, Infront, Euro243,IGM_INF_DSC_DEFAULT, InFront Streaming, Soccer, World - Dutch Tweede Divisie - Mixed, World, Spakenburg, AFC, Spakenburg vs AFC, False
8cb399e3-5d31-472e-b0bb-5029778df075, 10091237, 03/10/2026 14:00:00, 03/10/2026 16:30:00, Sport 5 - [55], Israel9,Not Set, Stats Perform, Soccer, World - Friendlies - Male, World, India, Brazil, Friendlies 1, True
8c661a1d-f2b0-4f2c-8254-d93781b691f3, 10090583, 03/10/2026 06:01:00, 03/10/2026 12:01:00, Italy Sport Arena [204], Euro5,Sky-IT2, Stats Perform, Motorsports, World - FIA World Rally Championship - Mixed, World, , , Rally Italia Sardegna  :  Stage 8, True
8c59dfd6-708c-41ff-9044-d892a83454ca, 10080777, 03/10/2026 13:15:00, 03/10/2026 16:15:00, Infront, Euro248,IGM_INF_DSC_DEFAULT, InFront Streaming, Ice Hockey, Sweden - Swedish Hockey League - Mixed, Sweden, IF Malmo Redhawks, Brynas IF, IF Malmo Redhawks vs Brynas IF, False
8bfde21a-8691-476a-844e-a29efa5c4e49, 10086028, 03/10/2026 20:00:00, 03/10/2026 22:30:00, Stadium Feed, Euro175,SMP_CH08, Stats Perform, Soccer, Paraguay - Division Profesional - Male, Paraguay, Club Guarani, Sportivo San Lorenzo, Clausura, True
8ba42a56-5bc2-4b47-b684-63de0afe4be3, 10081377, 03/10/2026 01:00:00, 03/10/2026 03:30:00, Stadium Feed, Euro118,SMP_CH01, Stats Perform, Soccer, Mexico - Liga de Expansion MX - Male, Mexico, Tepatitlan, Jaiba Brava, Apertura, False
8ac51785-f7fd-4490-af94-ac19ec14f18f, 10080738, 03/10/2026 12:30:00, 03/10/2026 14:30:44, Infront, Euro209,IGM_INF_DSC_DEFAULT, InFront Streaming, Soccer, World - Dutch Tweede Divisie - Mixed, World, RKAV Volendam, Jong Almere City, RKAV Volendam vs Jong Almere City, False
8a3021b4-8483-42ce-b925-d448c7ce3dd2, 10087541, 03/10/2026 19:00:00, 03/10/2026 21:30:00, Infront, Euro211,IGM_INF_DSC_DEFAULT, InFront Streaming, Soccer, Brazil - Brazilian Serie B - Mixed, Brazil, Atletico GO, America MG, Atletico GO vs America MG, False
8a2a9365-3ba4-4908-b65a-0e8e779bf4aa, 10090917, 03/10/2026 10:00:00, 03/10/2026 12:30:00, Stadium Feed, Euro161,OVE_CH06, Stats Perform, Soccer, Spain - Primera Division Femenina - Female, Spain, Espanyol, Alaves, , True
89d4d1ec-dabe-4afc-9d91-a5d47587a9fd, 10092917, 03/10/2026 11:32:00, 03/10/2026 14:00:59, Infront, Euro220,IGM_INF_DSC_DEFAULT, InFront Streaming, Tennis, Romania - M25 Slobozia - Male, Romania, Radu David Turcanu, Sebastian Gima, Radu David Turcanu vs Sebastian Gima, False
89b9e576-46e3-4c6e-b06d-e503209496e2, 10080749, 03/10/2026 15:00:00, 03/10/2026 18:00:00, Infront, Euro220,IGM_INF_DSC_DEFAULT, InFront Streaming, Ice Hockey, World - Czech 2. Liga - Mixed, World, Uhersky Brod, Novy Jicin, Novy Jicin vs Uhersky Brod, False
8968ba7b-ba76-4a79-bd11-6f65703a8c5c, 10081385, 03/10/2026 09:30:00, 03/10/2026 12:00:00, ESPN 1 Aus [509], Aus1,Not Set, Stats Perform, Basketball, Australia - NBL - Male, Australia, Melbourne United, Cairns Taipans, Regular Season, True
894945bc-cba3-4273-9f87-edafaa93d51e, 10092176, 03/10/2026 12:00:00, 03/10/2026 14:30:00, No available broadcaster, Euro70,SCAND-10, Stats Perform, Soccer, Norway - 1. Division Women - Female, Norway, Viking FK, Bryne, , True
87d6e4d2-a68d-4d75-a460-d0789d113785, 10087817, 03/10/2026 18:00:00, 03/10/2026 21:00:00, Stadium Feed, Euro144,XVI_CH13, Stats Perform, Ice Hockey, United Kingdom - Cup - Male, United Kingdom, Nottingham Panthers, Coventry Blaze, Group Stage, True
86ebd782-9118-40fd-ba99-75a922548044, 10090630, 03/10/2026 13:30:00, 03/10/2026 16:00:00, Sport News Germany [200] HD, Euro25,GER-1, Stats Perform, Soccer, World - Club Friendlies - Male, World, St. Pauli, Borussia M'gladbach, Club Friendlies 3, True
86bbd2e5-811d-42cf-ad24-29a5afe22596, 10092951, 03/10/2026 14:14:00, 03/10/2026 17:14:00, Infront, Euro238,IGM_INF_DSC_DEFAULT, InFront Streaming, Tennis, Spain - M25 Zaragoza - Male, Spain, Ivan Lopez Martos / Xavi Palomar, Nicolas Ifi / Cedric Stanke, Ivan Lopez Martos / Xavi Palomar vs Nicolas Ifi / Cedric Stanke, False
867ea3a0-a5b0-48ac-80e5-0a8f1d0b7b48, 10087827, 03/10/2026 18:00:00, 03/10/2026 21:00:00, Stadium Feed, Euro146,XVI_CH11, Stats Perform, Ice Hockey, United Kingdom - Elite League - Male, United Kingdom, Cardiff Devils, Manchester Storm, Regular Season, True
85b1d890-f05e-4dba-bd9b-b5aad52302d4, 10091667, 03/10/2026 19:00:00, 03/10/2026 21:30:00, MediaPro, Euro213,IGM_MEDIAPRO_CH02, Stats Perform, Soccer, Uruguay - Segunda Division - Male, Uruguay, Rentistas, Huracan, 2nd Phase, False
85ac4d89-4696-4a9f-a53c-d3fdc5eaac56, 10080815, 03/10/2026 16:00:00, 03/10/2026 19:00:00, Infront, Euro214,IGM_INF_DSC_DEFAULT, InFront Streaming, Ice Hockey, Sweden - Swedish Hockey League - Mixed, Sweden, Orebro HK, Lulea HF, Orebro HK vs Lulea HF, False
84dfaf55-b7de-428c-8bdc-4a84738407fd, 10090207, 03/10/2026 06:00:00, 03/10/2026 08:30:00, beIN Sport 6 - ME [008], Israel7,Not Set, Stats Perform, Soccer, Asia - Asian Games - Male, Asia, China PR U23, Uzbekistan U23,  v , False
84b7b6e2-7d51-42ed-b31a-d080624b32bf, 10092202, 03/10/2026 22:30:00, 04/10/2026 02:30:00, 247 - TBS - D, Us17,Not Set, Stats Perform, Baseball, United States - MLB - Male, United States, Tampa Bay Rays, New York Yankees, Tampa Bay Rays v , True
83c00028-c5c5-476c-8689-1ab5cbc998e0, 10080821, 03/10/2026 16:30:00, 03/10/2026 19:00:00, Infront, Euro220,IGM_INF_DSC_DEFAULT, InFront Streaming, Basketball, Germany - German Basketball Bundesliga - Mixed, Germany, Alba Berlin, Bamberg, Alba Berlin vs Bamberg, False
83af0caa-ded2-47d0-b473-23b856862923, 10080734, 03/10/2026 12:00:00, 03/10/2026 13:57:23, Infront, Euro205,IGM_INF_DSC_DEFAULT, InFront Streaming, Soccer, World - Dutch Tweede Divisie - Mixed, World, HFC, Quick Boys, HFC vs Quick Boys, False
837cda73-369a-4dcf-8275-ce4720fad416, 10088449, 03/10/2026 23:30:00, 04/10/2026 03:00:00, 4 - NBC WCNC united states, Us13,Not Set, Stats Perform, American Football, United States - NCAA Division I - Male, United States, USC, Washington, Regular Season, True
828db549-e5cf-4e67-b697-86a333326f02, 10080822, 03/10/2026 18:00:00, 03/10/2026 20:30:00, Infront, Euro201,IGM_INF_DSC_DEFAULT, InFront Streaming, Soccer, World - Dutch Eerste Divisie - Mixed, World, Almere City, FC Volendam, Almere City vs FC Volendam, False
825b399e-862b-40a3-ae39-2088a5ccfda5, 10085678, 03/10/2026 14:00:00, 03/10/2026 16:30:00, Stadium Feed, Euro184,IPL_CH02, Stats Perform, Soccer, Germany - Frauen Bundesliga - Female, Germany, Koln, Freiburg, , True
81eaf167-ae53-4551-b1b7-7d56e72d571b, 10092861, 03/10/2026 14:00:00, 03/10/2026 16:30:00, Infront, Euro234,IGM_INF_DSC_DEFAULT, InFront Streaming, Basketball, World - Serbian Kosarkaska liga - Mixed, World, Nis Maxbet, Hercegovac Aling Conel, Nis Maxbet vs Hercegovac Aling Conel, False
80e10bbf-1a29-4f10-975c-4720099e20f0, 10085677, 03/10/2026 12:00:00, 03/10/2026 14:30:00, Stadium Feed, Euro160,IPL_CH01, Stats Perform, Soccer, Germany - Frauen Bundesliga - Female, Germany, RB Leipzig, Mainz 05, , True
7qcEa5uupkujRNh_KbNPqA, 10090474, 03/10/2026 11:00:00, 03/10/2026 18:00:00, Modus, Euro284,IGM_MODUS_CH01, Manually Created, Darts, ADC Championship Tour, World, , , ADC Tour Finals - Round of 16, False
7ffcb1de-068d-4fa8-a8be-786cb3bf25b1, 10087252, 03/10/2026 01:00:00, 03/10/2026 04:00:00, 245 TNT - D, Us4,Not Set, Stats Perform, Ice Hockey, United States - NHL - Male, United States, Dallas Stars, St. Louis Blues, Regular Season, True
7fb2fdcd-1e4d-465d-82f9-5be1585bd28d, 10080798, 03/10/2026 14:00:00, 03/10/2026 17:00:00, Infront, Euro265,IGM_INF_DSC_DEFAULT, InFront Streaming, Ice Hockey, World - Kontinental Hockey League - Mixed, World, Severstal, Shanghai Dragons, Severstal vs Shanghai Dragons, False
7b87c0e9-cdf3-4428-8600-2e23bd9c9a24, 10092221, 03/10/2026 19:00:00, 03/10/2026 22:30:00, 311 TSN 1, Us25,Not Set, Stats Perform, American Football, Canada - CFL - Male, Canada, Toronto Argonauts, BC Lions, Regular Season, True
7a9b1406-79e6-4e57-8b86-cff3251e9ef7, 10080730, 03/10/2026 11:00:00, 03/10/2026 13:01:23, Infront, Euro201,IGM_INF_DSC_DEFAULT, InFront Streaming, Soccer, Sweden - Swedish Ettan - Mixed, Sweden, Enkopings SK FK, Gefle IF FF, Enkopings SK FK vs Gefle IF FF, False
79c8022a-1c0f-4a13-a57c-c5b583ced2d5, 10081376, 03/10/2026 01:00:00, 03/10/2026 03:30:00, Stadium Feed, Euro119,SMP_CH02, Stats Perform, Soccer, Mexico - Liga de Expansion MX - Male, Mexico, Correcaminos UAT, Cruz Azul Hidalgo, Apertura, False
79a45112-c000-4018-a443-b79b046dc622, 10085380, 03/10/2026 00:00:00, 03/10/2026 02:30:00, Stadium Feed, Euro134,MPR_CH02, Stats Perform, Soccer, N/C America - Concacaf Nations League - Male, N/C America, Bonaire, Grenada, League B, True
78ae2b24-1283-445f-bd6f-c21b5b2b34ed, 10092889, 03/10/2026 10:29:00, 03/10/2026 12:33:54, Infront, Euro205,IGM_INF_DSC_DEFAULT, InFront Streaming, Tennis, Australia - M25 Darwin - Male, Australia, Herman Hoeyeraal / Eric Padgham, Jeremy Beale / Stefan Vujic, Herman Hoeyeraal / Eric Padgham vs Jeremy Beale / Stefan Vujic, False
7885ae5b-d5ea-46df-927e-8eaac9c26796, 10081198, 03/10/2026 08:00:00, 03/10/2026 10:30:00, Stadium Feed, Euro167,DZN_Ch21, Stats Perform, Soccer, Japan - J2 League - Male, Japan, Oita Trinita, Montedio Yamagata, Regular Season, True
7831dc80-b45a-48e4-a8a4-5b494e66c2d7, 10091756, 03/10/2026 16:00:00, 03/10/2026 18:15:00, Yes Sport 4 - [54], Israel11,Not Set, Stats Perform, Handball, Germany - Bundesliga - Male, Germany, Kiel, Gummersbach, , True
77fe37c8-82a5-415d-85c3-5c48b0286dc6, 10089504, 03/10/2026 15:00:00, 03/10/2026 17:30:00, Channel 1 Rus (Первый канал), Russia4,Not Set, Stats Perform, Soccer, World - Friendlies - Male, World, Russia, Namibia, Friendlies 1, True
77d5a7e4-f3da-4fb7-9680-5f4104db525a, 10081197, 03/10/2026 08:00:00, 03/10/2026 10:30:00, Stadium Feed, Euro168,DZN_Ch24, Stats Perform, Soccer, Japan - J2 League - Male, Japan, Tochigi City, Imabari, Regular Season, True
77d11a5b-a6e1-400a-8c72-36157d8c8cab, 10091514, 03/10/2026 18:00:00, 03/10/2026 20:30:00, Stadium Feed, Euro136,GEN_CH11, Stats Perform, Soccer, Argentina - Primera Nacional - Male, Argentina, Temperley, Gimnasia Jujuy, Regular Season, True
7783692c-edb6-4915-8879-faeb7a9c712d, 10081917, 03/10/2026 15:00:00, 03/10/2026 17:30:00, Infront, Euro274,IGM_INF_DSC_DEFAULT, InFront Streaming, Basketball, Latvia - Latvian-Estonian League - Mixed, Latvia, Keila KK, Valmiera Glass VIA, Keila KK vs Valmiera Glass VIA, False
774f7704-9ddf-4731-a73d-e0a77ca2ff45, 10085729, 03/10/2026 17:00:00, 03/10/2026 19:30:00, Stadium Feed, Euro101,ZOO_Ch01, Stats Perform, Soccer, Europe - UEFA U21 Championship Qualification - Male, Europe, France U21, Luxembourg U21, Group Stage, True
7718ed22-a2d4-48b1-b932-a1da09da6a67, 10088422, 03/10/2026 19:30:00, 03/10/2026 23:00:00, 221 - CBSSN, Us14,Not Set, Stats Perform, American Football, United States - NCAA Division I - Male, United States, UNLV, California, Regular Season, True
769b46dc-8ab1-4dfe-a204-cc7856e15486, 10080336, 03/10/2026 12:30:00, 03/10/2026 14:24:44, Infront, Euro203,IGM_INF_DSC_DEFAULT, InFront Streaming, Basketball, Turkey - Turkish Super Lig - Mixed, Turkey, Bursaspor, Turk Telekom, Bursaspor vs Turk Telekom, False
767de105-59a0-4def-b812-234e34d5afb9, 10080791, 03/10/2026 14:00:00, 03/10/2026 16:30:00, Infront, Euro258,IGM_INF_DSC_DEFAULT, InFront Streaming, Soccer, Sweden - Swedish Ettan - Mixed, Sweden, IFK Stocksund, FC Jarfalla, IFK Stocksund vs FC Jarfalla, False
75b47d86-56b1-42b6-839d-96f824d3565a, 10091513, 03/10/2026 18:00:00, 03/10/2026 20:30:00, Stadium Feed, Euro138,GEN_CH08, Stats Perform, Soccer, Argentina - Primera Nacional - Male, Argentina, Colon, Estudiantes Caseros, Regular Season, True
757a9be0-0209-42b3-87a2-56c4cd30f03c, 10080807, 03/10/2026 15:30:00, 03/10/2026 18:00:00, Infront, Euro206,IGM_INF_DSC_DEFAULT, InFront Streaming, Soccer, World - Italian Serie C - Mixed, World, Arzignano, Pergolettese, Arzignano vs Pergolettese, False
755e0777-078c-465c-b183-a33ee7d8b6b9, 10087539, 03/10/2026 00:35:00, 03/10/2026 02:41:21, Infront, Euro231,IGM_INF_DSC_DEFAULT, InFront Streaming, Soccer, Brazil - Brazilian Serie B - Mixed, Brazil, Fortaleza, Nautico, Fortaleza vs Nautico, False
747ee0bd-5773-4785-8df3-26e5e9b2594e, 10088752, 03/10/2026 14:00:00, 03/10/2026 16:30:00, Game Postponed, Euro1,Not Set, Stats Perform, Soccer, England - League Two - Male, England, Walsall, Crawley Town, Regular Season, False
73998146-5536-4fc4-afcf-01840a5bf179, 10091306, 03/10/2026 20:00:00, 03/10/2026 22:30:00, Stadium Feed, Euro176,CIS_CH01, Stats Perform, Soccer, Costa Rica - Liga de Ascenso - Male, Costa Rica, Uruguay, Pitbulls Santa Barbara, Apertura, True
71bf88a2-8781-487b-a4bb-9c80bb068c48, 10090826, 03/10/2026 14:15:00, 03/10/2026 16:45:00, Stadium Feed, Euro189,OVE_CH04, Stats Perform, Soccer, Spain - Segunda Division - Male, Spain, Almeria, Burgos, Regular Season, True
713bc97c-e77c-4a85-85f2-16923de1303a, 10087251, 03/10/2026 23:30:00, 04/10/2026 02:30:00, 634 MSG - D, Us11,Not Set, Stats Perform, Ice Hockey, United States - NHL - Male, United States, New York Islanders, New Jersey Devils, Regular Season, True
70894151-4faf-4ca9-862b-fc445c6ed901, 10090283, 03/10/2026 18:45:00, 03/10/2026 21:15:00, TNT Sport 1 [410], Euro55,ASTRA-3, Stats Perform, Rugby Union, England - Prem - Male, England, Newcastle Red Bulls, Leicester Tigers, Regular Season, True
7085b18e-3cf3-4562-a03d-941598696e9a, 10081933, 03/10/2026 05:00:00, 03/10/2026 07:30:00, Stadium Feed, Euro123,DZN_Ch16, Stats Perform, Soccer, Japan - U21 J-League - Male, Japan, Shimizu S-Pulse Res., Jubilo Iwata Res., Group Stage, True
70234036-9807-428a-a86c-79602bd77bf0, 10091444, 03/10/2026 20:00:00, 03/10/2026 22:30:00, Stadium Feed, Euro112,GEN_CH02, Stats Perform, Soccer, Argentina - Liga Profesional Argentina - Male, Argentina, Atletico Tucuman, Barracas Central, Clausura, True
700d43e6-dd99-41a5-89d6-865c3b8c07f5, 10083009, 03/10/2026 17:45:00, 03/10/2026 20:15:00, Stadium Feed, Euro125,FIB_CH47, Stats Perform, Basketball, Asia - West Asia Super League - Male, Asia, Sagesse, Kuwait,  v , True
6fb9317b-a391-4802-b037-b6979eb17807, 10092769, 03/10/2026 16:30:00, 03/10/2026 19:30:00, Stadium Feed, Euro131,XVI_CH05, Stats Perform, Ice Hockey, France - Division 1 - Male, France, Neuilly-sur-Marne, Wildcats d'Epinal, Regular Season, True
6f831e95-d5fc-41c0-a0ca-e98c4cc854f0, 10080778, 03/10/2026 13:15:00, 03/10/2026 16:15:00, Infront, Euro249,IGM_INF_DSC_DEFAULT, InFront Streaming, Ice Hockey, Sweden - Swedish Hockey League - Mixed, Sweden, Timra IK, Skelleftea AIK, Timra IK vs Skelleftea AIK, False
6dd660bf-73de-4462-9d26-0200e0d612d9, 10092200, 03/10/2026 17:00:00, 03/10/2026 21:00:00, 247 - TBS - D, Us17,Not Set, Stats Perform, Baseball, United States - MLB - Male, United States, Cleveland Guardians, Chicago White Sox, Cleveland Guardians v , True
6dcd75c0-2528-4dd6-a249-8ceac4f6fe1b, 10080797, 03/10/2026 16:30:00, 03/10/2026 19:30:00, Infront, Euro264,IGM_INF_DSC_DEFAULT, InFront Streaming, Ice Hockey, World - Kontinental Hockey League - Mixed, World, HC Sochi, Torpedo, HC Sochi vs Torpedo, False
6dbce336-bb9d-42c2-a1d0-a860c3ca3f23, 10080741, 03/10/2026 12:30:00, 03/10/2026 14:28:17, Infront, Euro212,IGM_INF_DSC_DEFAULT, InFront Streaming, Soccer, World - Italian Serie C - Mixed, World, Vado, Forli, Vado vs Forli, False
6c2b92aa-5b2f-461c-8a27-6a40ae9b1d54, 10092940, 03/10/2026 09:08:00, 03/10/2026 10:46:29, Infront, Euro209,IGM_INF_DSC_DEFAULT, InFront Streaming, Tennis, Spain - M25 Zaragoza - Male, Spain, Ryan Nijboer, Alexander Ritschard, Ryan Nijboer vs Alexander Ritschard, False
6b7fd012-dd98-4497-aefe-4f831bfdc80e, 10080787, 03/10/2026 14:00:00, 03/10/2026 17:00:00, Infront, Euro254,IGM_INF_DSC_DEFAULT, InFront Streaming, Ice Hockey, Finland - Finnish Mestis - Mixed, Finland, RoKi, JoKP, RoKi vs JoKP, False
6b60e177-4404-41db-877d-d00608a058eb, 10088404, 03/10/2026 23:30:00, 04/10/2026 03:00:00, 7 - WABC WSOC, Us10,Not Set, Stats Perform, American Football, United States - NCAA Division I - Male, United States, Clemson, Miami (FL), Regular Season, True
6b3e4d61-cdf1-4aca-a083-592b8267c0ca, 10085376, 03/10/2026 00:00:00, 03/10/2026 02:30:00, Stadium Feed, Euro133,MPR_CH01, Stats Perform, Soccer, N/C America - Concacaf Nations League - Male, N/C America, Barbados, Bermuda, League B, True
6ab47d1c-e3c9-4abf-9c04-bd7f4a3e5d1a, 10088401, 03/10/2026 19:30:00, 03/10/2026 23:00:00, 206 -ESPN 1, Us1,Not Set, Stats Perform, American Football, United States - NCAA Division I - Male, United States, Tennessee, Auburn, Regular Season, True
6a838a8e-c344-4753-8189-a7c9726a986e, 10084707, 03/10/2026 18:45:00, 03/10/2026 21:15:00, Stadium Feed, Euro171,HBS_CH04, Stats Perform, Soccer, France - Ligue 3 - Male, France, La Roche VF, Aubagne Air Bel, , False
69c79a91-8ada-4908-b325-f13f59e95c01, 10088653, 03/10/2026 18:45:00, 03/10/2026 21:15:00, Sport TV 3 [23], Euro85,MEO 3, Stats Perform, Soccer, Europe - UEFA Nations League - Male, Europe, Switzerland, Slovenia, League B, True
695570bc-6523-4d41-9a0f-ed8d9c6b547a, 10091509, 03/10/2026 18:00:00, 03/10/2026 20:30:00, Stadium Feed, Euro140,GEN_CH12, Stats Perform, Soccer, Argentina - Primera Nacional - Male, Argentina, Tristan Suarez, Quilmes, Regular Season, True
693d3f2d-93c4-4d55-96d2-73338d8cf2f6, 10086407, 03/10/2026 13:00:00, 03/10/2026 15:30:00, Stadium Feed, Euro178,FIF_CH01, Stats Perform, Soccer, Burundi - Ligue A - Male, Burundi, Aigle Noir, Ngozi City, , True
674e436d-50b4-4bb7-923c-0ac2c967e66f, 10080752, 03/10/2026 15:30:00, 03/10/2026 18:30:00, Infront, Euro223,IGM_INF_DSC_DEFAULT, InFront Streaming, Ice Hockey, World - Czech 2. Liga - Mixed, World, Technika Brno, Poruba, Technika Brno vs Poruba, False
654fdae6-dc42-4a42-a778-ecd07c9984c7, 10092766, 03/10/2026 18:00:00, 03/10/2026 21:00:00, Stadium Feed, Euro149,XVI_CH14, Stats Perform, Ice Hockey, France - Division 1 - Male, France, Chambery, Drakkars, Regular Season, True
642912b6-eb91-411c-a040-2ab3eabfeac8, 10090206, 03/10/2026 10:30:00, 03/10/2026 14:00:00, beIN Sports Eng 1 - ME [021], Israel7,Not Set, Stats Perform, Soccer, Asia - Asian Games - Male, Asia, Korea Republic U23, Japan U23,  v , False
63b9c839-4879-413f-9fc9-810ad645ae91, 10092944, 03/10/2026 20:15:00, 03/10/2026 22:15:00, Canal 11 [11], Euro83,MEO 1, Stats Perform, Futsal, Portugal - Liga Placard - Male, Portugal, Benfica, Leoes Porto Salvo, Regular season, False
6336fc54-7bac-4231-abe0-27657749b9a3, 10092174, 03/10/2026 14:00:00, 03/10/2026 16:30:00, Digi Sport 4 [19/15], Euro77,ROM-4, Stats Perform, Basketball, Romania - Liga Nationala - Male, Romania, Rapid Bucuresti, Dinamo Bucuresti, Regular Season, True
62b4a7a7-bb9b-4618-b7d8-76e302434197, 10080754, 03/10/2026 15:30:00, 03/10/2026 18:30:00, Infront, Euro225,IGM_INF_DSC_DEFAULT, InFront Streaming, Ice Hockey, World - Czech 2. Liga - Mixed, World, Velke Mezirici, Kromeriz, Velke Mezirici vs Kromeriz, False
629d2fd4-1129-42c8-9585-782c89064680, 10091443, 03/10/2026 17:45:00, 03/10/2026 20:15:00, Stadium Feed, Euro196,GEN_CH04, Stats Perform, Soccer, Argentina - Liga Profesional Argentina - Male, Argentina, Defensa y Justicia, San Lorenzo, Clausura, True
628f08fb-f238-46c5-bf98-31a254895351, 10080768, 03/10/2026 10:30:00, 03/10/2026 12:49:24, Infront, Euro239,IGM_INF_DSC_DEFAULT, InFront Streaming, Soccer, World - Italian Serie A Women - Mixed, World, Parma W, Ternana W, Parma W vs Ternana W, False
6245a474-3a15-4a81-88ef-e5e5f36ba990, 10088719, 03/10/2026 18:00:00, 03/10/2026 20:30:00, Stadium Feed, Euro155,LVM_CH05, Stats Perform, Soccer, Brazil - Copa Paulista - Male, Brazil, Uniao Sao Joao, Gremio Prudente, Semi-finals, True
61169a8c-64bc-40d0-867a-0d1c2e774818, 10080704, 03/10/2026 00:23:00, 03/10/2026 02:53:00, Infront, Euro201,IGM_INF_DSC_DEFAULT, InFront Streaming, Basketball, Turkey - Turkish Basketball Lig Women - Mixed, Turkey, CBK Mersin W, Ormanspor W, CBK Mersin W vs Ormanspor W, False
61165166-9bf5-4712-85c7-fd1b71c5d3e6, 10085531, 03/10/2026 05:00:00, 03/10/2026 07:30:00, Stadium Feed, Euro129,DZN_Ch13, Stats Perform, Soccer, Japan - J3 League - Male, Japan, Gifu, Renofa Yamaguchi, Regular Season, True
6074a2d7-d6de-4861-aeeb-cfcf8bd9b865, 10080746, 03/10/2026 13:00:00, 03/10/2026 14:53:18, Infront, Euro217,IGM_INF_DSC_DEFAULT, InFront Streaming, Soccer, World - Slovakian 2. Liga - Mixed, World, FK Humenne, Pohronie, FK Humenne vs Pohronie, False
602425a3-0daa-4eda-891d-cef461a4b0ff, 10080339, 03/10/2026 15:00:00, 03/10/2026 17:30:00, Infront, Euro206,IGM_INF_DSC_DEFAULT, InFront Streaming, Basketball, Turkey - Turkish Super Lig - Mixed, Turkey, Esenler Erokspor, Petkim Spor, Esenler Erokspor vs Petkim Spor, False
5ec531a1-c258-48f4-b695-9b9b72aedc0e, 10080824, 03/10/2026 18:00:00, 03/10/2026 20:30:00, Infront, Euro203,IGM_INF_DSC_DEFAULT, InFront Streaming, Soccer, World - Dutch Eerste Divisie - Mixed, World, Eindhoven FC, De Graafschap, Eindhoven FC vs De Graafschap, False
5e6e91f1-9ac9-4d12-b1c8-1c02bc0e3b88, 10084706, 03/10/2026 18:45:00, 03/10/2026 21:15:00, Stadium Feed, Euro172,HBS_CH03, Stats Perform, Soccer, France - Ligue 3 - Male, France, Fleury, Caen, , False
5dc4b46e-1b38-43aa-817e-77030d413f55, 10080800, 03/10/2026 14:00:00, 03/10/2026 17:00:00, Infront, Euro267,IGM_INF_DSC_DEFAULT, InFront Streaming, Ice Hockey, Finland - Finnish Liiga - Mixed, Finland, HPK, Karpat, HPK vs Kärpät, False
5d8bfe24-f3c0-43e1-b8d7-ba19a385a83e, 10080770, 03/10/2026 13:00:00, 03/10/2026 15:30:00, Infront, Euro241,IGM_INF_DSC_DEFAULT, InFront Streaming, Soccer, World - Dutch Tweede Divisie - Mixed, World, Katwijk, Kozakken Boys, Katwijk vs Kozakken Boys, False
5d8a330c-b419-4b11-bfd1-f4c5d7ce2c4e, 10088380, 03/10/2026 23:00:00, 04/10/2026 02:30:00, 206 -ESPN 1, Us1,Not Set, Stats Perform, American Football, United States - NCAA Division I - Male, United States, TCU, BYU, Regular Season, True
5d33b75c-d21f-4d1b-aa86-935c4ac66f86, 10084730, 03/10/2026 14:30:00, 03/10/2026 17:00:00, Stadium Feed, Euro150,STH_Ch10, Stats Perform, Soccer, Netherlands - Eerste Divisie - Male, Netherlands, Vitesse, NAC Breda, , False
5ce6758a-04e0-44c2-882f-9ee9574191bb, 10081195, 03/10/2026 05:00:00, 03/10/2026 07:30:00, Stadium Feed, Euro122,DZN_Ch11, Stats Perform, Soccer, Japan - J2 League - Male, Japan, Albirex Niigata, Tokushima Vortis, Regular Season, True
5c9d27cf-63bf-480c-9563-b9d2036c79cb, 10080342, 03/10/2026 12:00:00, 03/10/2026 14:23:35, Infront, Euro209,IGM_INF_DSC_DEFAULT, InFront Streaming, Basketball, Turkey - Turkish Basketball Lig - Mixed, Turkey, Ankara Kolejliler, Balikesir, Ankara Kolejliler vs Balikesir, False
5b3271a0-5aa5-40cc-8eb0-60fafd1f78d6, 10087540, 03/10/2026 14:00:00, 03/10/2026 16:30:00, Infront, Euro282,IGM_INF_DSC_DEFAULT, InFront Streaming, Soccer, Brazil - Brazilian Serie B - Mixed, Brazil, Avai, Ceara, Avai vs Ceara, False
5aff7f72-5213-4217-824d-e90688edc694, 10092749, 03/10/2026 01:00:00, 03/10/2026 03:30:00, Stadium Feed, Euro126,FIF_CH03, Stats Perform, Soccer, Nicaragua - Primera Division - Male, Nicaragua, Rancho Santana, Managua, Apertura, True
5ad32d75-ea59-4336-bec3-afce27ac1812, 10088375, 03/10/2026 16:00:00, 03/10/2026 19:30:00, 2- CBS WBTV, Us7,Not Set, Stats Perform, American Football, United States - NCAA Division I - Male, United States, Air Force, Navy, Regular Season, True
5a8dd193-b2fb-42b0-86bc-094f3cd1bebb, 10081194, 03/10/2026 05:00:00, 03/10/2026 07:30:00, Stadium Feed, Euro135,DZN_Ch12, Stats Perform, Soccer, Japan - J2 League - Male, Japan, Fujieda MYFC, Shonan Bellmare, Regular Season, True
5a5e96a4-7349-46cb-adf7-7e41e66b391c, 10080829, 03/10/2026 18:30:00, 03/10/2026 21:00:00, Infront, Euro208,IGM_INF_DSC_DEFAULT, InFront Streaming, Soccer, World - Italian Serie C - Mixed, World, Pro Vercelli, Carpi, Pro Vercelli vs Carpi, False
59b76eb8-a330-47fe-9f4a-aab3da7917f8, 10080740, 03/10/2026 12:30:00, 03/10/2026 14:27:04, Infront, Euro211,IGM_INF_DSC_DEFAULT, InFront Streaming, Soccer, World - Italian Serie C - Mixed, World, Gubbio, Perugia, Gubbio vs Perugia, False
599c873f-93d5-4526-909e-7ac851a87131, 10080786, 03/10/2026 14:00:00, 03/10/2026 17:00:00, Infront, Euro253,IGM_INF_DSC_DEFAULT, InFront Streaming, Ice Hockey, Finland - Finnish Liiga - Mixed, Finland, TPS, JYP, TPS vs JYP, False
58f8e036-1461-483f-97f6-2a5547c1becf, 10087823, 03/10/2026 18:00:00, 03/10/2026 21:00:00, Stadium Feed, Euro148,XVI_CH12, Stats Perform, Ice Hockey, United Kingdom - Elite League - Male, United Kingdom, Sheffield Steelers, Fife Flyers, Regular Season, True
5828e91a-f0c5-4cb7-93ae-701db31caeb2, 10080757, 03/10/2026 13:30:00, 03/10/2026 16:30:00, Infront, Euro228,IGM_INF_DSC_DEFAULT, InFront Streaming, Ice Hockey, World - Czech 2. Liga - Mixed, World, Decin, Milevsko, Decin vs Milevsko, False
56d15d18-5d00-40ae-9a9d-cc64e5e99b61, 10089661, 03/10/2026 06:10:00, 03/10/2026 08:40:00, Super Sport Rugby [211], Sa1,Not Set, Stats Perform, Rugby Union, New Zealand - National Provincial Championship - Male, New Zealand, Waikato, Tasman, Regular Season, True
55939e55-f60e-4c3d-96d7-db8746065500, 10080713, 03/10/2026 00:23:00, 03/10/2026 02:53:00, Infront, Euro210,IGM_INF_DSC_DEFAULT, InFront Streaming, Basketball, World - Slovakian Extraliga - Mixed, World, Slovan Bratislava, Spisski Ryteri, Slovan Bratislava vs Spisski Ryteri, False
53a318b0-26af-461c-9619-107c8f09a28a, 10090493, 03/10/2026 04:30:00, 03/10/2026 10:30:00, Sky Sport F1 [207], Euro6,Sky-IT3, Stats Perform, Motorsports, World - FIA F1 World Championship - Mixed, World, , , Gulf Air Bahrain Grand Prix  :  Saturday practice, True
537d57d7-a645-49f3-b0ac-dcdb0f9f413a, 10088361, 03/10/2026 16:00:00, 03/10/2026 19:30:00, 7 - WABC WSOC, Us10,Not Set, Stats Perform, American Football, United States - NCAA Division I - Male, United States, Mississippi State, Alabama, Regular Season, True
53268f34-6853-49cc-8e08-7029bf061166, 10087249, 03/10/2026 02:00:00, 03/10/2026 05:00:00, 301 SNE, Us23,Not Set, Stats Perform, Ice Hockey, United States - NHL - Male, United States, Vegas Golden Knights, Anaheim Ducks, Regular Season, True
525cbe70-3cf7-4f01-9031-f5963c8681a0, 10090513, 03/10/2026 00:25:00, 03/10/2026 06:25:00, Sky Sport Moto GP [208], Euro7,Sky-IT4, Stats Perform, Motorsports, World - FIM Moto2 World Championship - Mixed, World, , , Motul Grand Prix of Japan  :  Free Practice 2, True
51a2b357-d223-4f9a-9c9c-3f0a0a37e3f9, 10080707, 03/10/2026 00:23:00, 03/10/2026 02:53:00, Infront, Euro204,IGM_INF_DSC_DEFAULT, InFront Streaming, Basketball, Turkey - Turkish Basketball Lig Women - Mixed, Turkey, Melikgazi Kayseri W, Turgutlu W, Melikgazi Kayseri W vs Turgutlu W, False
5123d45b-7d82-4b4f-84ac-87e61b604989, 10087248, 03/10/2026 23:00:00, 04/10/2026 02:00:00, 780 - Centre Ice 12, Us4,Not Set, Stats Perform, Ice Hockey, United States - NHL - Male, United States, Columbus Blue Jackets, Utah Mammoth, Regular Season, True
50e2f60d-ae7f-40df-b3ab-1ba5ad41473d, 10091503, 03/10/2026 18:00:00, 03/10/2026 20:30:00, Stadium Feed, Euro156,GEN_CH09, Stats Perform, Soccer, Argentina - Primera Nacional - Male, Argentina, Deportivo Moron, All Boys, Regular Season, True
5073d45d-0975-45c8-b3db-6ef3f0b213ab, 10091162, 03/10/2026 15:30:00, 03/10/2026 18:00:00, Stadium Feed, Euro194,FIF_CH12, Stats Perform, Soccer, Burkina Faso - Ligue 1 - Male, Burkina Faso, ASFA-Yennenga, ASFB, , True
4fd5cde1-0769-464b-a5cd-f81a868903aa, 10090642, 03/10/2026 18:20:00, 03/10/2026 20:35:00, ORF Sports [755], Euro27,GER-3, Stats Perform, Handball, Austria - Meisterliga - Male, Austria, Hard, Lipizzanerheimat, Regular Season, True
4f7a00cc-abd8-4345-ad0c-4dfdef1d32c2, 10090685, 03/10/2026 09:00:00, 03/10/2026 11:30:00, Match Premier, Russia1,Not Set, Stats Perform, Soccer, Russia - Superliga Women - Female, Russia, Zvezda Perm, Krylya Sovetov, , True
4f35ce79-f5b5-4cfa-902e-e3df8e40aef4, 10065699, 03/10/2026 23:10:00, 04/10/2026 01:40:00, Stadium Feed, Euro113,GEN_CH01, Stats Perform, Soccer, Colombia - Copa Colombia - Male, Colombia, Barranquilla, Millonarios, 8th Finals, True
4df10133-c66d-4f46-8d92-be80873af1a8, 10087456, 03/10/2026 12:30:00, 03/10/2026 15:00:00, Canal  France [4] HD, Euro20,FRA-3, Stats Perform, Rugby Union, France - Top 14 - Male, France, Bordeaux Begles, Lyon, Regular Season, True
4dd7c0ed-e188-4750-b2d6-e402b1039657, 10092629, 03/10/2026 14:00:00, 03/10/2026 16:30:00, Match Premier, Russia1,Not Set, Stats Perform, Soccer, Russia - Superliga Women - Female, Russia, Chertanovo, Ryazan, , True
4d5d058b-e84d-483a-b80c-7876425210d5, 10080708, 03/10/2026 00:23:00, 03/10/2026 02:53:00, Infront, Euro205,IGM_INF_DSC_DEFAULT, InFront Streaming, Basketball, Turkey - Turkish Basketball Lig Women - Mixed, Turkey, Nesible Aydin W, Fenerbahce W, Nesible Aydin W vs Fenerbahce W, False
4d5a9a2c-4849-4444-82b4-249240a76d43, 10080805, 03/10/2026 14:30:00, 03/10/2026 17:00:00, Infront, Euro271,IGM_INF_DSC_DEFAULT, InFront Streaming, Soccer, World - Dutch Eerste Divisie - Mixed, World, Vitesse, NAC Breda, Vitesse vs NAC Breda, False
4cec974d-4f80-4786-a361-414357f29044, 10088651, 03/10/2026 16:00:00, 03/10/2026 18:30:00, beIN Sport 4 - ME [006], Israel7,Not Set, Stats Perform, Soccer, Europe - UEFA Nations League - Male, Europe, Belarus, San Marino, League C, True
4cce56a9-aea0-49a9-95ac-809db44e9898, 10086855, 03/10/2026 18:00:00, 03/10/2026 20:30:00, Arryadia [375], Euro13,HOTFTA-2, Stats Perform, Soccer, Morocco - Botola Pro - Male, Morocco, Difaa El Jadida, Wydad Casablanca, , True
4c8afcfb-7d66-4306-931b-d28513d9bb8b, 10088346, 03/10/2026 20:15:00, 03/10/2026 23:45:00, 611 - SEC Network, Us19,Not Set, Stats Perform, American Football, United States - NCAA Division I - Male, United States, South Carolina, Kentucky, Regular Season, True
4bd6de5f-d40f-4e1f-bcfb-0a57466f9601, 10088342, 03/10/2026 18:00:00, 03/10/2026 21:30:00, 659 - ATTPT Root Sports, Us15,Not Set, Stats Perform, American Football, United States - NCAA Division I - Male, United States, Robert Morris, Norfolk State, Regular Season, True
49d94de2-eb83-42a6-9c15-6ab359254737, 10084610, 03/10/2026 17:00:00, 03/10/2026 19:30:00, FOX League HD [502], Aus1,Not Set, Stats Perform, Rugby League, England - Super League - Male, England, Warrington Wolves, Wakefield Trinity,  v , True
48d75454-53c7-4e40-88af-c1a23937344e, 10086853, 03/10/2026 18:00:00, 03/10/2026 20:30:00, Al Maghribiya [370], Euro10,CYFRA-1, Stats Perform, Soccer, Morocco - Botola Pro - Male, Morocco, CODM Meknes, Kawkab Marrakech, , True
487ab748-0d26-4ef0-9667-b31e07aefb22, 10088335, 03/10/2026 23:30:00, 04/10/2026 03:00:00, 208 - ESPN U, Us3,Not Set, Stats Perform, American Football, United States - NCAA Division I - Male, United States, South Florida, Temple, Regular Season, True
486fcebe-3e2b-4cdf-a1b5-f9d2e5af6c7d, 10093099, 03/10/2026 18:00:00, 03/10/2026 21:00:00, Infront, Euro224,IGM_INF_DSC_DEFAULT, InFront Streaming, Tennis, World - W100 Templeton - Female, World, Savannah Broadus / Allura Zamarripa, Whitney Osuigwe / Akasha Urhobo, Savannah Broadus / Allura Zamarripa vs Whitney Osuigwe / Akasha Urhobo, False
483a0115-3d6d-4a20-8247-4a7a1f66a3dd, 10088334, 03/10/2026 02:30:00, 03/10/2026 06:00:00, 206 -ESPN 1, Us1,Not Set, Stats Perform, American Football, United States - NCAA Division I - Male, United States, Idaho, Montana State, Regular Season, True
480d121d-040c-4317-9295-ef416a343d5b, 10071678, 03/10/2026 13:00:00, 03/10/2026 15:30:00, Stadium Feed, Euro126,FIF_CH03, Stats Perform, Soccer, Burundi - Ligue A - Male, Burundi, Never Give Up, Musongati, , True
47195686-66c6-407b-81d9-fb28f347ef63, 10080762, 03/10/2026 14:00:00, 03/10/2026 17:00:00, Infront, Euro233,IGM_INF_DSC_DEFAULT, InFront Streaming, Ice Hockey, World - Czech 2. Liga - Mixed, World, Usti, Zdar nad Sazavou, Usti vs Zdar nad Sazavou, False
46910503-6967-4ba3-8873-c3372b31cd83, 10089433, 03/10/2026 14:00:00, 03/10/2026 16:30:00, Stadium Feed, Euro185,PIX_CH06, Stats Perform, Soccer, Scotland - Championship - Male, Scotland, Livingston, Ayr United, , True
467c7a28-14ef-48a8-99ff-8964ed2f1725, 10088910, 03/10/2026 10:00:00, 03/10/2026 13:00:00, Stadium Feed, Euro125,XVI_CH01, Stats Perform, Ice Hockey, Europe - Baltic Championship - Male, Europe, HS Riga, Zemgale, Regular Season, True
465ab4b6-f822-4d36-9b4f-7172597027c6, 10080753, 03/10/2026 15:00:00, 03/10/2026 18:00:00, Infront, Euro224,IGM_INF_DSC_DEFAULT, InFront Streaming, Ice Hockey, World - Czech 2. Liga - Mixed, World, Valasske Mezirici, Jestrabi Prostejov, Valasske Mezirici vs Jestrabi Prostejov, False
45b35d9b-d5b4-4779-a582-610338f92c87, 10090498, 03/10/2026 02:15:00, 03/10/2026 04:45:00, FOX League HD [502], Aus2,Not Set, Stats Perform, Rugby League, World - Rugby League Women's Internationals - Female, World, Papua New Guinea PM XIII, Australia PM XIII, Friendlies 1, True
44c78b74-f22f-43a4-8eb6-3b634477dcfa, 10080721, 03/10/2026 18:15:00, 03/10/2026 20:30:00, Infront, Euro218,IGM_INF_DSC_DEFAULT, InFront Streaming, Handball, World - Polish Superliga - Mixed, World, Kielce, Legionowo, Kielce vs Legionowo, False
43973902-3bea-43a3-bf5b-4bed7f1cca07, 10090157, 03/10/2026 14:35:00, 03/10/2026 17:05:00, Canal Plus Live 2 [232], Euro22,FRA-5, Stats Perform, Rugby Union, France - Top 14 - Male, France, Bayonne, Stade Francais, Regular Season, True
42336060-97d3-4d8f-9954-6715e0c0fa52, 10080785, 03/10/2026 14:00:00, 03/10/2026 17:00:00, Infront, Euro252,IGM_INF_DSC_DEFAULT, InFront Streaming, Ice Hockey, Finland - Finnish Liiga - Mixed, Finland, Sport, HIFK, Sport vs HIFK, False
41a99643-4ef3-4487-b368-5f8a4abe1c6e, 10088325, 03/10/2026 19:30:00, 03/10/2026 23:00:00, 612 ACC, Us11,Not Set, Stats Perform, American Football, United States - NCAA Division I - Male, United States, North Carolina State, Louisville, Regular Season, True
415885e5-1203-4ef6-80b3-2a92f6f4c075, 10085527, 03/10/2026 08:00:00, 03/10/2026 10:30:00, Stadium Feed, Euro169,DZN_Ch22, Stats Perform, Soccer, Japan - J3 League - Male, Japan, Ryukyu, Zweigen Kanazawa, Regular Season, True
404c41dd-3f8c-4add-a9f0-3ae1f78e9514, 10091608, 03/10/2026 18:00:00, 03/10/2026 20:30:00, MediaPro, Euro221,IGM_MEDIAPRO_CH01, Stats Perform, Soccer, Uruguay - Liga AUF - Male, Uruguay, Albion, Defensor Sporting, Clausura, False
3fc4281b-df07-4844-bfe2-95632446f6c3, 10092946, 03/10/2026 17:00:00, 03/10/2026 19:15:00, Not Set, Not Set,Not Set, Stats Perform, Handball, Spain - Division Honor Femenina - Female, Spain, Malaga, Gran Canaria, Regular Season, False
3f24f9a1-b556-4e81-8c3e-12d6d9863742, 10080711, 03/10/2026 17:00:00, 03/10/2026 19:30:00, Infront, Euro208,IGM_INF_DSC_DEFAULT, InFront Streaming, Basketball, World - Slovakian Extraliga - Mixed, World, Kosice Wolves, Prievidza, Kosice Wolves vs Prievidza, False
3ed532ed-7f8f-4b47-8235-3286840563db, 10086795, 03/10/2026 08:30:00, 03/10/2026 18:30:00, Super Sport Cricket [212], Sa4,Not Set, Stats Perform, Cricket, World - West Indies in India 2026 - Male, World, India, West Indies, 3rd ODI, True
3ead89a2-1245-4847-9b8a-1e27f8148f71, 10080783, 03/10/2026 14:00:00, 03/10/2026 17:00:00, Infront, Euro203,IGM_INF_DSC_DEFAULT, InFront Streaming, Ice Hockey, Finland - Finnish Liiga - Mixed, Finland, KooKoo, Pelicans, KooKoo vs Pelicans, False
3e3e1a32-937c-4945-ad04-2448f7f49d27, 10092950, 03/10/2026 11:10:00, 03/10/2026 13:55:03, Infront, Euro218,IGM_INF_DSC_DEFAULT, InFront Streaming, Tennis, Spain - M25 Zaragoza - Male, Spain, Alejandro Moro Canas, Sander Jong, Alejandro Moro Canas vs Sander Jong, False
3e0b9674-be50-4b5e-8ca3-6b706021a1a3, 10085649, 03/10/2026 16:00:00, 03/10/2026 18:15:00, TV2 Sport Denmark [107], Euro71,SCAND-11, Stats Perform, Handball, Denmark - Ligaen - Male, Denmark, Bjerringbro, Skanderborg Aarhus, Regular Season, True
3de710e4-f294-4936-a142-4af8f4d1b2cd, 10080820, 03/10/2026 16:04:00, 03/10/2026 18:34:00, Infront, Euro219,IGM_INF_DSC_DEFAULT, InFront Streaming, Basketball, Sweden - Swedish Basketligan - Mixed, Sweden, Sodertalje BBK, Jamtland Basket, Södertälje BBK vs Jämtland Basket, False
3c7dfa7f-f617-42af-bf61-8f552a18fce8, 10071677, 03/10/2026 13:45:00, 03/10/2026 16:15:00, Stadium Feed, Euro179,FIF_CH02, Stats Perform, Soccer, Burundi - Ligue A - Male, Burundi, Muzinga, Olympic Star, , True
3beadd73-5758-40f1-b1f9-3f9f4c8bdaf8, 10088718, 03/10/2026 22:00:00, 04/10/2026 00:30:00, Stadium Feed, Euro183,LVM_CH06, Stats Perform, Soccer, Brazil - Copa Paulista - Male, Brazil, Sao Jose EC, Noroeste, Semi-finals, True
3ba8828f-930f-4e28-8276-67e03342d147, 10088312, 03/10/2026 16:00:00, 03/10/2026 19:30:00, 221 - CBSSN, Us14,Not Set, Stats Perform, American Football, United States - NCAA Division I - Male, United States, UConn, Syracuse, Regular Season, True
3af6a068-b979-4dc0-a014-98a7eede058b, 10091226, 03/10/2026 11:00:00, 03/10/2026 17:00:00, 316 GOLF -S, Us26,Not Set, Stats Perform, Golf, Scotland - Alfred Dunhill Links Championship - Mixed, Scotland, , , Alfred Dunhill Links Championship 2026 : Round 3 - Singles, False
3a59036f-8130-4c98-abae-317feee75849, 10085497, 03/10/2026 22:30:00, 04/10/2026 01:00:00, Stadium Feed, Euro186,XVI_CH29, Stats Perform, Soccer, Brazil - Serie C - Male, Brazil, Inter de Limeira, Brusque, Promotion Round, True
39d3ce05-041c-42b6-8a54-1d6bd26da664, 10080776, 03/10/2026 13:15:00, 03/10/2026 16:15:00, Infront, Euro247,IGM_INF_DSC_DEFAULT, InFront Streaming, Ice Hockey, Sweden - Swedish Hockey League - Mixed, Sweden, Frolunda HC, Djurgardens IF, Frolunda HC vs Djurgardens IF, False
39b3a88c-ef81-4237-8996-50000cd0228d, 10081208, 03/10/2026 12:30:00, 03/10/2026 15:00:00, Stadium Feed, Euro177,AUR_CH01, Stats Perform, Soccer, England - Women's Super League - Female, England, Manchester United, Liverpool, , True
3946c72c-dc06-42cf-9426-d746d2ddce5e, 10087581, 03/10/2026 11:00:00, 03/10/2026 13:08:34, Infront, Euro253,IGM_INF_DSC_DEFAULT, InFront Streaming, Basketball, Turkey - Turkish Super Lig Women - Mixed, Turkey, Emlak Konut W, Botas W, Emlak Konut W vs Botas W, False
3932e865-9911-49d6-a43f-f0f091eb378d, 10085674, 03/10/2026 15:55:00, 03/10/2026 18:25:00, Stadium Feed, Euro160,IPL_CH01, Stats Perform, Soccer, Germany - Frauen Bundesliga - Female, Germany, Eintracht Frankfurt, Bayern Munchen, , True
38e4f5f5-e9ea-40c3-baac-971c188059c3, 10085526, 03/10/2026 05:00:00, 03/10/2026 07:30:00, Stadium Feed, Euro136,DZN_Ch14, Stats Perform, Soccer, Japan - J3 League - Male, Japan, Matsumoto Yamaga, Gainare Tottori, Regular Season, True
38d9b0a1-33a2-48ba-b898-a986e1517f68, 10086636, 03/10/2026 15:00:00, 03/10/2026 18:00:00, Infront, Euro281,IGM_INF_DSC_DEFAULT, InFront Streaming, Ice Hockey, Sweden - Swedish Hockeyettan - Mixed, Sweden, Vallentuna, Asploven, Vallentuna vs Asploven, False
38d2604c-7c50-497e-a918-5c4cf6c49181, 10080796, 03/10/2026 14:00:00, 03/10/2026 17:00:00, Infront, Euro263,IGM_INF_DSC_DEFAULT, InFront Streaming, Ice Hockey, World - Kontinental Hockey League - Mixed, World, CSKA, Dynamo Msk, CSKA vs Dynamo Msk, False
38930e7d-567e-4fe1-b4ef-765dd6a8f079, 10088750, 03/10/2026 14:00:00, 03/10/2026 16:30:00, Stadium Feed, Euro186,LPD_109, Stats Perform, Soccer, England - League Two - Male, England, Exeter City, Rotherham United, Regular Season, True
3885580a-f314-4caf-83de-53b1ac1f9029, 10089891, 03/10/2026 00:00:00, 03/10/2026 06:00:00, 316 GOLF -S, Us26,Not Set, Stats Perform, Golf, United States - LOTTE Championship presented by Hoakalei - Mixed, United States, , , LOTTE Championship presented by Hoakalei 2026 : Round 2 - Singles, False
37080c7f-69c0-4277-a6fa-e3cb7f17ae40, 10090499, 03/10/2026 04:05:00, 03/10/2026 06:35:00, FOX League HD [502], Aus2,Not Set, Stats Perform, Rugby League, World - Rugby League Internationals - Male, World, Papua New Guinea PM XIII, Australia PM XIII, Friendlies, True
36fa0828-4b4c-4fdf-ae18-e88f91be538c, 10080732, 03/10/2026 11:00:00, 03/10/2026 12:57:43, Infront, Euro203,IGM_INF_DSC_DEFAULT, InFront Streaming, Soccer, Sweden - Swedish Ettan - Mixed, Sweden, Angelholms FF, Rosengard, Angelholms FF vs Rosengard, False
36d5ddcf-4694-497f-a3dc-5e008f6845c4, 10080823, 03/10/2026 18:00:00, 03/10/2026 20:30:00, Infront, Euro202,IGM_INF_DSC_DEFAULT, InFront Streaming, Soccer, World - Dutch Eerste Divisie - Mixed, World, Den Bosch, Dordrecht, Den Bosch vs Dordrecht, False
3318c32b-4933-4df3-8240-2e8d2c6d9c34, 10092918, 03/10/2026 12:39:00, 03/10/2026 15:39:00, Infront, Euro222,IGM_INF_DSC_DEFAULT, InFront Streaming, Tennis, France - W35 Reims - Female, France, Sada Nahimana, Isis Louise Van den Broek, Sada Nahimana vs Isis Louise Van den Broek, False
32bb7ad4-ac6c-4a44-a5db-d6b3a623adbf, 10088045, 03/10/2026 19:00:00, 03/10/2026 21:30:00, Canal Foot [61], Euro18,FRA-1, Stats Perform, Soccer, France - Premiere Ligue - Female, France, Paris FC, Lens, Regular Season, True
32b4c7fc-6e31-478d-9fb4-a6ab59816759, 10090346, 03/10/2026 23:00:00, 04/10/2026 01:30:00, 639 - SNY, Us12,Not Set, Stats Perform, Soccer, United States - USL Championship - Male, United States, Brooklyn, Rhode Island, Regular Season, True
32ac8ad8-0547-4090-97b8-6df43de2ca1b, 10081384, 03/10/2026 07:30:00, 03/10/2026 10:00:00, ESPN 1 Aus [509], Aus1,Not Set, Stats Perform, Basketball, Australia - NBL - Male, Australia, Brisbane Bullets, Tasmania JackJumpers, Regular Season, True
328bc8da-8893-4955-84a4-3bf2e585b35d, 10080760, 03/10/2026 15:30:00, 03/10/2026 18:30:00, Infront, Euro231,IGM_INF_DSC_DEFAULT, InFront Streaming, Ice Hockey, World - Czech 2. Liga - Mixed, World, Mostecti Ivi, HC Vrchlabi, Mostecti Ivi vs HC Vrchlabi, False
32812155-c333-4cc2-b40e-04f404c609a6, 10090916, 03/10/2026 10:00:00, 03/10/2026 12:30:00, Stadium Feed, Euro162,OVE_CH07, Stats Perform, Soccer, Spain - Primera Division Femenina - Female, Spain, Sevilla, Badalona, , True
31c73e32-657d-423c-96f6-686d5f903b0e, 10087247, 03/10/2026 23:00:00, 04/10/2026 02:00:00, 772 - Centre Ice 04, Us7,Not Set, Stats Perform, Ice Hockey, United States - NHL - Male, United States, Toronto Maple Leafs, Ottawa Senators, Regular Season, True
315a8f93-7635-4335-83e9-01a532115bee, 10092407, 03/10/2026 20:30:00, 03/10/2026 23:00:00, Stadium Feed, Euro180,FIF_CH17, Stats Perform, Soccer, Venezuela - Segunda Division - Male, Venezuela, Barquisimeto, Atletico El Vigia, Regular Season, True
30b6d0a0-9503-4f0f-b349-4a54132041e5, 10080789, 03/10/2026 13:00:00, 03/10/2026 15:30:00, Infront, Euro256,IGM_INF_DSC_DEFAULT, InFront Streaming, Soccer, Sweden - Swedish Ettan - Mixed, Sweden, FBK Karlstad, Athletic Eskilstuna, FBK Karlstad vs Athletic Eskilstuna, False
302c7941-dae5-45da-aa5d-46cec481f92d, 10085524, 03/10/2026 06:00:00, 03/10/2026 08:30:00, Stadium Feed, Euro156,DZN_Ch17, Stats Perform, Soccer, Japan - J3 League - Male, Japan, Ehime, Thespa Gunma, Regular Season, True
2fcafcf4-f899-4edc-b29a-df3e865029e5, 10088301, 03/10/2026 19:30:00, 03/10/2026 23:00:00, 11 - WPIX, Us5,Not Set, Stats Perform, American Football, United States - NCAA Division I - Male, United States, North Dakota State, Wyoming, Regular Season, True
2fb9e1b1-cccd-4329-b265-751cbab08211, 10090176, 03/10/2026 05:00:00, 03/10/2026 07:30:00, No available broadcaster, NewKorea6,Not Set, Stats Perform, Basketball, South Korea - KBL - Male, South Korea, Goyang Sono Skygunners, Daegu Pegasus, Regular Season, False
2ef7f057-af9d-42f4-b9de-057fb5d6f227, 10092924, 03/10/2026 13:31:00, 03/10/2026 14:30:44, Infront, Euro221,IGM_INF_DSC_DEFAULT, InFront Streaming, Tennis, Rwanda - M25 Kigali - Male, Rwanda, Allan Gatoto / Kael Shalin Shah, Axel Nefve / Noah Schachter, Allan Gatoto / Kael Shalin Shah vs Axel Nefve / Noah Schachter, False
2ed21154-ffa2-4667-bc04-7f75b345d815, 10087543, 03/10/2026 21:30:00, 04/10/2026 00:00:00, Infront, Euro201,IGM_INF_DSC_DEFAULT, InFront Streaming, Soccer, Brazil - Brazilian Serie B - Mixed, Brazil, Botafogo SP, Vila Nova, Botafogo SP vs Vila Nova, False
2e05cb49-b802-4f3c-876a-b25b0616b8a6, 10089918, 03/10/2026 14:00:00, 03/10/2026 16:30:00, Stadium Feed, Euro187,LPD_108, Stats Perform, Soccer, England - EFL Trophy - Male, England, Colchester United, Luton Town, Group Stage, True
2d491eff-3eef-480f-9da4-a8f70b8f3a36, 10090915, 03/10/2026 14:00:00, 03/10/2026 16:30:00, Stadium Feed, Euro161,OVE_CH06, Stats Perform, Soccer, Spain - Primera Division Femenina - Female, Spain, Deportivo de A Coruna, Atletico Madrid, , True
2d353c08-d8f1-41c4-9bf8-19324fa65cef, 10080784, 03/10/2026 14:00:00, 03/10/2026 17:00:00, Infront, Euro204,IGM_INF_DSC_DEFAULT, InFront Streaming, Ice Hockey, Finland - Finnish Liiga - Mixed, Finland, SaiPa, Jokerit, SaiPa vs Jokerit, False
2c66cccf-d4b9-4060-876a-1da7d8e1d0f4, 10087822, 03/10/2026 17:00:00, 03/10/2026 20:00:00, Stadium Feed, Euro141,XVI_CH08, Stats Perform, Ice Hockey, United Kingdom - Elite League - Male, United Kingdom, Guildford Flames, Glasgow Clan, Regular Season, True
2c07b281-2579-478a-b77d-7baed34c4a56, 10087246, 03/10/2026 00:00:00, 03/10/2026 03:00:00, 313 TSN 3, Us22,Not Set, Stats Perform, Ice Hockey, United States - NHL - Male, United States, Winnipeg Jets, Boston Bruins, Regular Season, True
2b3ce5f1-8858-4902-8525-3a83c8f7d5e1, 10090635, 03/10/2026 15:30:00, 03/10/2026 18:00:00, Sport News Germany [200] HD, Euro25,GER-1, Stats Perform, Soccer, Europe - U20 Elite League - Male, Europe, England U20, Germany U20, , True
2b133cf4-53a4-4ae4-9937-c6867e85c114, 10090751, 03/10/2026 18:00:00, 03/10/2026 20:30:00, Stadium Feed, Euro163,ZAP_CH01, Stats Perform, Soccer, Ecuador - Liga Pro Serie B - Male, Ecuador, 9 de Octubre, Atletico FC, Championship Round, True
2978fbbf-9b19-486d-9f2a-0fa2617aceed, 10092550, 03/10/2026 19:00:00, 03/10/2026 21:30:00, Stadium Feed, Euro174,TSW_Ch09, Stats Perform, Soccer, World - Friendlies - Male, World, Cote d'Ivoire, Cameroon, Friendlies 1, False
2866ae81-f3e3-4a81-8dc9-299dc511f9e1, 10088290, 03/10/2026 19:30:00, 03/10/2026 23:00:00, 209 - ESPN 2, Us2,Not Set, Stats Perform, American Football, United States - NCAA Division I - Male, United States, Florida State, Virginia, Regular Season, True
284e04fd-57ed-4863-83a4-3d8059c434e3, 10088289, 03/10/2026 19:45:00, 03/10/2026 23:15:00, 208 - ESPN U, Us3,Not Set, Stats Perform, American Football, United States - NCAA Division I - Male, United States, James Madison, Marshall, Regular Season, True
28121594-008f-4523-a16b-ed3b21c4317a, 10080806, 03/10/2026 14:30:00, 03/10/2026 17:00:00, Infront, Euro272,IGM_INF_DSC_DEFAULT, InFront Streaming, Basketball, Germany - German Basketball Bundesliga - Mixed, Germany, Hamburg, Rostock, Hamburg vs Rostock, False
2783972b-bf47-4a44-bec6-924d27837b04, 10090512, 03/10/2026 04:40:00, 03/10/2026 10:40:00, Sky Sport Moto GP [208], Euro7,Sky-IT4, Stats Perform, Motorsports, World - FIM Moto2 World Championship - Mixed, World, , , Motul Grand Prix of Japan  :  Qualifying 1, True
268f1b51-b345-4a3a-8bd2-1b8e697c0dfa, 10080793, 03/10/2026 14:00:00, 03/10/2026 16:30:00, Infront, Euro260,IGM_INF_DSC_DEFAULT, InFront Streaming, Soccer, Sweden - Swedish Ettan - Mixed, Sweden, Jonkopings Sodra IF, Eskilsminne IF, Jonkopings Sodra IF vs Eskilsminne IF, False
2658374b-46fb-4d63-998f-b8274ac13e42, 10088283, 03/10/2026 00:00:00, 03/10/2026 03:30:00, 5 - WJZY FOX (WNYW), Us6,Not Set, Stats Perform, American Football, United States - NCAA Division I - Male, United States, Northwestern, Penn State, Regular Season, True
24e5c905-9cff-4d03-a24b-a294f67acbe7, 10085522, 03/10/2026 08:00:00, 03/10/2026 10:30:00, Stadium Feed, Euro170,DZN_Ch20, Stats Perform, Soccer, Japan - J3 League - Male, Japan, Giravanz Kitakyushu, Kochi United, Regular Season, True
24872c7f-1a55-4850-bced-d5651998069e, 10080709, 03/10/2026 16:00:00, 03/10/2026 18:30:00, Infront, Euro206,IGM_INF_DSC_DEFAULT, InFront Streaming, Basketball, World - Slovakian Extraliga - Mixed, World, BKM Lucenec, Nitra Blue Wings, BKM Lucenec vs Nitra Blue Wings, False
23a4b818-ee21-4e1f-ba56-d555ce0c34d9, 10080758, 03/10/2026 16:00:00, 03/10/2026 19:00:00, Infront, Euro229,IGM_INF_DSC_DEFAULT, InFront Streaming, Ice Hockey, World - Czech 2. Liga - Mixed, World, Kobra Praha, Havl. Brod, Kobra Praha vs Havl. Brod, False
237cf722-5a06-4bea-9047-71ae02455e96, 10091433, 03/10/2026 20:00:00, 03/10/2026 22:30:00, Stadium Feed, Euro153,GEN_CH03, Stats Perform, Soccer, Argentina - Liga Profesional Argentina - Male, Argentina, Newell's Old Boys, Lanus, Clausura, True
2324c9ee-79d3-42fd-ae1e-f1e2f4b5e4ee, 10080764, 03/10/2026 16:00:00, 03/10/2026 18:30:00, Infront, Euro235,IGM_INF_DSC_DEFAULT, InFront Streaming, Soccer, World - Italian Serie A Women - Mixed, World, AS Roma W, Lazio W, AS Roma W vs Lazio W, False
22d87897-a7b9-45cb-8b24-722727dcb8da, 10080788, 03/10/2026 14:00:00, 03/10/2026 17:00:00, Infront, Euro255,IGM_INF_DSC_DEFAULT, InFront Streaming, Ice Hockey, Finland - Finnish Mestis - Mixed, Finland, Hermes, K-Vantaa, Hermes vs K-Vantaa, False
21a2f213-353b-4e85-811c-29796a5908d1, 10091432, 03/10/2026 00:30:00, 03/10/2026 03:00:00, Stadium Feed, Euro158,GEN_CH05, Stats Perform, Soccer, Argentina - Liga Profesional Argentina - Male, Argentina, Independiente Rivadavia, Gimnasia La Plata, Clausura, True
219324f6-1308-4a32-9ca3-410b87572809, 10080727, 03/10/2026 00:23:00, 03/10/2026 02:38:00, Infront, Euro224,IGM_INF_DSC_DEFAULT, InFront Streaming, Handball, World - Polish Superliga Women - Mixed, World, Piotrcovia W, Ruch Kalisz W, Piotrcovia W vs Ruch Kalisz W, False
21923393-d8cf-44bb-ad5e-b75d80c2bf83, 10085368, 03/10/2026 21:00:00, 03/10/2026 23:30:00, Stadium Feed, Euro133,MPR_CH01, Stats Perform, Soccer, N/C America - Concacaf Nations League - Male, N/C America, Sint Maarten, St. Vincent / Grenadines, League B, True
1f8c02ed-6f68-4720-ba42-e7410ffa86fc, 10080338, 03/10/2026 10:00:00, 03/10/2026 12:10:02, Infront, Euro205,IGM_INF_DSC_DEFAULT, InFront Streaming, Basketball, Turkey - Turkish Super Lig - Mixed, Turkey, Denizli Basket, Tofas, Denizli Basket vs Tofas, False
1ed09aaa-bce8-4af6-b42c-7d96a9c9faf5, 10080747, 03/10/2026 13:00:00, 03/10/2026 14:53:18, Infront, Euro218,IGM_INF_DSC_DEFAULT, InFront Streaming, Soccer, World - Slovakian 2. Liga - Mixed, World, FC Slovan Galanta, Povazska Bystrica, FC Slovan Galanta vs Povazska Bystrica, False
1ea3f8b1-e34a-4ccf-b3d1-4c743b4177b1, 10092381, 03/10/2026 14:35:00, 03/10/2026 17:05:00, Canal Plus Live 4 [234], Euro19,FRA-2, Stats Perform, Rugby Union, France - Top 14 - Male, France, Vannes, Section Paloise, Regular Season, True
1e059fca-4dac-4fd7-97e1-316651a241a8, 10088273, 03/10/2026 19:30:00, 03/10/2026 23:00:00, 7 - WABC WSOC, Us10,Not Set, Stats Perform, American Football, United States - NCAA Division I - Male, United States, Missouri, Florida, Regular Season, True
1e02c41a-090d-4d43-90d4-b4b4bf11bc44, 10090212, 03/10/2026 16:30:00, 03/10/2026 19:00:00, Premier Sports 2 [419], Euro54,ASTRA-2, Stats Perform, Rugby Union, Europe - United Rugby Championship - Male, Europe, Glasgow Warriors, Ulster, Regular Season, True
1cc76031-86e7-40ac-b32c-adf373002c92, 10092920, 03/10/2026 09:11:00, 03/10/2026 10:41:43, Infront, Euro207,IGM_INF_DSC_DEFAULT, InFront Streaming, Tennis, Rwanda - M25 Kigali - Male, Rwanda, Calvin Hemery, Florent Bax, Calvin Hemery vs Florent Bax, False
1ca19b01-8cdc-4ec2-89e3-5b31b5b488bd, 10080718, 03/10/2026 17:00:00, 03/10/2026 19:30:00, Infront, Euro215,IGM_INF_DSC_DEFAULT, InFront Streaming, Basketball, World - Slovenian Basketball League - Mixed, World, Tajfun Sentjur, Sencur, Tajfun Sentjur vs Sencur, False
1c815c4b-4a3b-4761-91c6-8503105e8bdb, 10088271, 03/10/2026 16:00:00, 03/10/2026 19:30:00, 245 TNT - D, Us4,Not Set, Stats Perform, American Football, United States - NCAA Division I - Male, United States, Iowa State, West Virginia, Regular Season, True
1c6839fc-74cf-438c-8509-15da9f2f4bee, 10080345, 03/10/2026 14:00:00, 03/10/2026 16:30:00, Infront, Euro212,IGM_INF_DSC_DEFAULT, InFront Streaming, Basketball, Turkey - Turkish Basketball Lig - Mixed, Turkey, Gaziantep, Harem Spor, Gaziantep vs Harem Spor, False
1c607670-a813-4afc-92d6-66e32b743867, 10086825, 03/10/2026 09:00:00, 03/10/2026 14:00:00, NTV News24 [571], Jpn10,Not Set, Stats Perform, Baseball, Japan - NPB - Male, Japan, Chiba Lotte Marines, Fukuoka SoftBank Hawks, Regular Season, False
1b0ec4ef-ed4d-4a3b-b481-ad6f5680a0b5, 10080756, 03/10/2026 16:00:00, 03/10/2026 19:00:00, Infront, Euro227,IGM_INF_DSC_DEFAULT, InFront Streaming, Ice Hockey, World - Czech 2. Liga - Mixed, World, Cheb, Benatky, Cheb vs Benatky, False
1a7be05c-add8-4375-a92d-7bad3008e0d3, 10081193, 03/10/2026 07:00:00, 03/10/2026 09:30:00, Stadium Feed, Euro164,JLE_CH01, Stats Perform, Soccer, Japan - J-League Cup - Male, Japan, Machida Zelvia, Kyoto Sanga, 4th Round, True
1a598ea8-9d2a-4a7b-8485-843a5e8e9ccf, 10088267, 03/10/2026 16:00:00, 03/10/2026 19:30:00, 208 - ESPN U, Us3,Not Set, Stats Perform, American Football, United States - NCAA Division I - Male, United States, Kansas, Middle Tennessee, Regular Season, True
19e2c110-4c04-47ca-a914-aeb88b607b8e, 10087245, 03/10/2026 23:00:00, 04/10/2026 02:00:00, 778 - Centre Ice 10, Us8,Not Set, Stats Perform, Ice Hockey, United States - NHL - Male, United States, Philadelphia Flyers, Carolina Hurricanes, Regular Season, True
19a1932a-46f0-4cd8-ac54-1b3720ce8b88, 10092636, 03/10/2026 01:36:00, 03/10/2026 03:03:45, Infront, Euro207,IGM_INF_DSC_DEFAULT, InFront Streaming, Tennis, World - W100 Templeton - Female, World, Francesca Pace / Arianna Zucchini, Whitney Osuigwe / Akasha Urhobo, Francesca Pace / Arianna Zucchini vs Whitney Osuigwe / Akasha Urhobo, False
197f765b-2962-42ea-af76-7521cee2c7f6, 10085496, 03/10/2026 20:00:00, 03/10/2026 22:30:00, Stadium Feed, Euro177,XVI_CH28, Stats Perform, Soccer, Brazil - Serie C - Male, Brazil, Santa Cruz, Maringa, Promotion Round, True
19192cd8-affd-4580-aa5d-499dfae460b2, 10091230, 03/10/2026 16:00:00, 03/10/2026 22:00:00, 316 GOLF -S, Us26,Not Set, Stats Perform, Golf, United States - Jefferson Lehigh Valley Classic - Mixed, United States, , , Jefferson Lehigh Valley Classic 2026 : Round 2 - Singles, False
18f676ae-e524-4ee0-841d-c61acb012eb3, 10080769, 03/10/2026 13:00:00, 03/10/2026 14:56:54, Infront, Euro240,IGM_INF_DSC_DEFAULT, InFront Streaming, Soccer, World - Dutch Tweede Divisie - Mixed, World, Barendrecht, Jong Sparta Rotterdam, Barendrecht vs Jong Sparta Rotterdam, False
187a916c-01b5-44e2-9c30-a9b646a5c840, 10092943, 03/10/2026 16:30:00, 03/10/2026 19:00:00, Canal 11 [11], Euro83,MEO 1, Stats Perform, Soccer, World - U19 National Team Friendlies - Male, World, Portugal U19, Denmark U19, Friendlies 2, False
175c33e5-db1a-49d5-845e-d26a10dc6c91, 10092755, 03/10/2026 16:40:00, 03/10/2026 19:40:00, Stadium Feed, Euro137,XVI_CH06, Stats Perform, Ice Hockey, France - Division 1 - Male, France, Valenciennes, Corsaires de Nantes, Regular Season, True
17094ace-f6fa-4604-941e-ec4d619805cd, 10080710, 03/10/2026 16:00:00, 03/10/2026 18:30:00, Infront, Euro207,IGM_INF_DSC_DEFAULT, InFront Streaming, Basketball, World - Slovakian Extraliga - Mixed, World, Iskra Svit, Inter Basket, Iskra Svit vs Inter Basket, False
16e52f34-c08f-446b-af4c-dc74388beea7, 10092838, 03/10/2026 05:39:00, 03/10/2026 07:07:18, Infront, Euro201,IGM_INF_DSC_DEFAULT, InFront Streaming, Tennis, Australia - M25 Darwin - Male, Australia, Herman Hoeyeraal, Casey Hoole, Herman Hoeyeraal vs Casey Hoole, False
16e2055f-c63c-4d23-9b38-084841d4704f, 10092909, 03/10/2026 09:22:00, 03/10/2026 10:54:48, Infront, Euro235,IGM_INF_DSC_DEFAULT, InFront Streaming, Tennis, Spain - W35 Baza - Female, Spain, Amandine Hesse, Charo Esquiva Banuls, Amandine Hesse vs Charo Esquiva Banuls, False
16e17273-0be3-4e1a-bf41-187c330bc416, 10080349, 03/10/2026 13:30:00, 03/10/2026 16:00:00, Infront, Euro216,IGM_INF_DSC_DEFAULT, InFront Streaming, Basketball, Turkey - Turkish Basketball Lig - Mixed, Turkey, MKE Ankaragucu, OGM Ormanspor, MKE Ankaragucu vs OGM Ormanspor, False
1663d5f2-11d5-44fa-8a83-de8bc4dc3261, 10088909, 03/10/2026 10:00:00, 03/10/2026 13:00:00, Stadium Feed, Euro128,XVI_CH02, Stats Perform, Ice Hockey, Europe - Baltic Championship - Male, Europe, Prizma, Kyiv Capitals, Regular Season, True
166052aa-cd39-4dc5-87c5-3bf729142138, 10080714, 03/10/2026 15:30:00, 03/10/2026 18:00:00, Infront, Euro211,IGM_INF_DSC_DEFAULT, InFront Streaming, Basketball, World - Slovenian Basketball League - Mixed, World, Gorica, Helios Domzale, Gorica vs Helios Domzale, False
149b66a4-62da-461c-b463-f86fd3a397a8, 10092919, 03/10/2026 15:08:00, 03/10/2026 18:08:00, Infront, Euro236,IGM_INF_DSC_DEFAULT, InFront Streaming, Tennis, France - W35 Reims - Female, France, Salma Djoubri, Britt Du Pree, Salma Djoubri vs Britt Du Pree, False
141716b1-f989-4d5c-bb86-954149707ba3, 10080736, 03/10/2026 12:30:00, 03/10/2026 14:29:28, Infront, Euro207,IGM_INF_DSC_DEFAULT, InFront Streaming, Soccer, World - Dutch Tweede Divisie - Mixed, World, Hoek, De Treffers, Hoek vs De Treffers, False
127fa902-7f99-482c-9f4d-a8998c4b23eb, 10089426, 03/10/2026 14:00:00, 03/10/2026 16:30:00, Stadium Feed, Euro188,PIX_CH07, Stats Perform, Soccer, Scotland - Championship - Male, Scotland, Partick Thistle, Arbroath, , True
106ab0f7-c1fb-4882-a577-e53326cc543e, 10093098, 03/10/2026 04:42:00, 03/10/2026 07:42:00, Infront, Euro202,IGM_INF_DSC_DEFAULT, InFront Streaming, Tennis, World - W35 Wagga Wagga - Female, World, Kanon Sawashiro, Naho Sato, Kanon Sawashiro vs Naho Sato, False
103cb5fa-9a3d-4de0-b08d-e0a317590ea3, 10091487, 03/10/2026 18:00:00, 03/10/2026 20:30:00, Stadium Feed, Euro113,GEN_CH01, Stats Perform, Soccer, Argentina - Primera Nacional - Male, Argentina, Acassuso, Ciudad de Bolivar, Regular Season, True
0ebb4be8-bfe3-47af-835f-33a6911b7396, 10089665, 03/10/2026 16:30:00, 03/10/2026 19:00:00, Super Sport Rugby [211], Sa1,Not Set, Stats Perform, Rugby Union, Europe - United Rugby Championship - Male, Europe, Sharks URC, Leinster, Regular Season, True
0cb796b5-2862-4c35-b7e4-d0e519fb811e, 10080759, 03/10/2026 16:00:00, 03/10/2026 19:00:00, Infront, Euro230,IGM_INF_DSC_DEFAULT, InFront Streaming, Ice Hockey, World - Czech 2. Liga - Mixed, World, Kralupy, Kadan, Kralupy vs Kadan, False
0c723c6a-499e-4fcc-88f4-fa441168b066, 10085339, 03/10/2026 01:30:00, 03/10/2026 04:00:00, Stadium Feed, Euro159,GEN_CH06, Stats Perform, Soccer, Colombia - Primera A - Male, Colombia, Deportivo Cali, Alianza, Clausura, True
0c4a46a6-ec52-4e30-9e7c-b8408909486c, 10089441, 03/10/2026 16:30:00, 03/10/2026 19:00:00, Stadium Feed, Euro121,SUN_CH01, Stats Perform, Soccer, Scotland - League One - Male, Scotland, Hamilton Academical, Peterhead, , True
0c180983-f933-4f66-955c-70862be10fb7, 10081375, 03/10/2026 03:00:00, 03/10/2026 05:30:00, Stadium Feed, Euro140,SMP_CH03, Stats Perform, Soccer, Mexico - Liga de Expansion MX - Male, Mexico, CA La Paz, Venados, Apertura, False
0bf2e4d8-6f32-46d3-a16f-fe5173826090, 10080344, 03/10/2026 13:30:00, 03/10/2026 16:00:00, Infront, Euro211,IGM_INF_DSC_DEFAULT, InFront Streaming, Basketball, Turkey - Turkish Basketball Lig - Mixed, Turkey, Fenerbahce 2, CO Basket, Fenerbahce 2 vs CO Basket, False
0b3fda55-2f04-4f1a-bd08-dcb849fe06a3, 10091760, 03/10/2026 17:30:00, 03/10/2026 20:00:00, Stadium Feed, Euro123,SPI_CH01, Stats Perform, Soccer, Belgium - Super League - Female, Belgium, Standard Liege, Ladies Genk, Regular Season, True
0a7ee020-4632-4302-b322-2740a015ffa7, 10080719, 03/10/2026 16:00:00, 03/10/2026 18:15:00, Infront, Euro216,IGM_INF_DSC_DEFAULT, InFront Streaming, Handball, World - Polish Superliga - Mixed, World, Gwardia Opole, Chrobry Glogow, Gwardia Opole vs Chrobry Glogow, False
0a02fd68-704d-4c77-abca-7dd6ec9312d1, 10089660, 03/10/2026 04:05:00, 03/10/2026 06:35:00, Super Sport Rugby [211], Sa1,Not Set, Stats Perform, Rugby Union, New Zealand - National Provincial Championship - Male, New Zealand, Counties Manukau, Hawkes Bay, Regular Season, True
0985c368-a859-40f1-9f09-695f945aaebd, 10088250, 03/10/2026 20:15:00, 03/10/2026 23:45:00, 319 BIGTEN -S, Us24,Not Set, Stats Perform, American Football, United States - NCAA Division I - Male, United States, Illinois, Purdue, Regular Season, True
08f27c8d-fa09-4719-beba-f3763247f228, 10088249, 03/10/2026 16:30:00, 03/10/2026 20:00:00, 319 BIGTEN -S, Us24,Not Set, Stats Perform, American Football, United States - NCAA Division I - Male, United States, Wisconsin, Michigan State, Regular Season, True
08e03e09-42ea-4417-b4f9-cddb846450f0, 10092922, 03/10/2026 11:50:00, 03/10/2026 14:50:00, Infront, Euro215,IGM_INF_DSC_DEFAULT, InFront Streaming, Tennis, Rwanda - M25 Kigali - Male, Rwanda, Max Houkes, Benjamin Lock, Max Houkes vs Benjamin Lock, False
083b0e71-0b05-4886-a49a-864e27f3600a, 10090722, 03/10/2026 15:30:00, 03/10/2026 18:00:00, Match Game russia, Russia2,Not Set, Stats Perform, Volleyball, Russia - Super League (W) - Female, Russia, Dinamo Kazan, Zarechye Odintsovo, Regular Season, True
07d0c5ca-afa6-4f9f-bba0-4eba3b2df59c, 10085520, 03/10/2026 05:00:00, 03/10/2026 07:30:00, Stadium Feed, Euro138,DZN_Ch15, Stats Perform, Soccer, Japan - J3 League - Male, Japan, Nagano Parceiro, Nara Club, Regular Season, True
07854414-a548-4c2c-8544-f014cdff08cc, 10081191, 03/10/2026 07:00:00, 03/10/2026 09:30:00, Stadium Feed, Euro165,DZN_Ch19, Stats Perform, Soccer, Japan - J2 League - Male, Japan, Ventforet Kofu, Kataller Toyama, Regular Season, True
0721482e-a22c-4a86-8743-45452d0bef33, 10084720, 03/10/2026 18:00:00, 03/10/2026 20:30:00, Stadium Feed, Euro164,STH_CH15, Stats Perform, Soccer, Netherlands - Eerste Divisie - Male, Netherlands, Almere City, Volendam, , False
05a4cbe4-3d67-4197-a84d-6fb30fdb070b, 10080728, 03/10/2026 16:00:00, 03/10/2026 18:15:00, Infront, Euro225,IGM_INF_DSC_DEFAULT, InFront Streaming, Handball, World - Polish Superliga Women - Mixed, World, Start Elblag W, Galychanka Lviv W, Start Elblag W vs Galychanka Lviv W, False
057503bb-fc35-44bc-bdb5-0d750725ef80, 10080808, 03/10/2026 15:30:00, 03/10/2026 18:00:00, Infront, Euro207,IGM_INF_DSC_DEFAULT, InFront Streaming, Soccer, World - Italian Serie C - Mixed, World, Grosseto, Sambenedettese, Grosseto vs Sambenedettese, False
0567ca85-986e-429d-a2b6-0d4175df39a8, 10088044, 03/10/2026 16:30:00, 03/10/2026 19:00:00, Canal Foot [61], Euro18,FRA-1, Stats Perform, Soccer, France - Premiere Ligue - Female, France, Nantes, Montpellier, Regular Season, True
050fa12e-27a2-4993-bdb6-f3f321777081, 10092255, 03/10/2026 23:00:00, 04/10/2026 02:30:00, 315 TSN 5, Us21,Not Set, Stats Perform, American Football, Canada - CFL - Male, Canada, Montreal Alouettes, Winnipeg Blue Bombers, Regular Season, True
041d29a2-82ce-4e30-9ec8-11480ec98fdc, 10080705, 03/10/2026 00:23:00, 03/10/2026 02:53:00, Infront, Euro202,IGM_INF_DSC_DEFAULT, InFront Streaming, Basketball, Turkey - Turkish Basketball Lig Women - Mixed, Turkey, Emlak Konut W, Botas W, Emlak Konut W vs Botas W, False
03aba9c8-807e-400a-a183-ee19826a5b71, 10084704, 03/10/2026 18:45:00, 03/10/2026 21:15:00, Stadium Feed, Euro173,HBS_CH05, Stats Perform, Soccer, France - Ligue 3 - Male, France, Le Puy Foot, Thionville Lusitanos, , False
023a867c-bfae-493b-9618-aaf08092c6ca, 10092870, 03/10/2026 08:22:00, 03/10/2026 10:14:23, Infront, Euro202,IGM_INF_DSC_DEFAULT, InFront Streaming, Tennis, Australia - M25 Darwin - Male, Australia, Hayden Jones, Derek Pham, Hayden Jones vs Derek Pham, False
01fa6a32-fa00-4334-9340-359d143ac396, 10086319, 03/10/2026 16:00:00, 03/10/2026 18:15:00, Stadium Feed, Euro118,SAT_CH34, Stats Perform, Handball, Europe - EHF Women's Champions League - Female, Europe, Gyori ETO, Gloria Bistrita, Group Stage, True
01d649de-87cd-46b1-8e78-7de54d715809, 10080781, 03/10/2026 14:00:00, 03/10/2026 17:00:00, Infront, Euro201,IGM_INF_DSC_DEFAULT, InFront Streaming, Ice Hockey, Finland - Finnish Liiga - Mixed, Finland, Ilves, K-Espoo, Ilves vs K-Espoo, False
019b75a3-27f6-472f-b400-b31a5f578c99, 10088246, 03/10/2026 16:00:00, 03/10/2026 19:30:00, 612 ACC, Us11,Not Set, Stats Perform, American Football, United States - NCAA Division I - Male, United States, Wake Forest, Stanford, Regular Season, True
00dc6307-ba77-42ea-9472-71186bcde31d, 10088634, 03/10/2026 16:00:00, 03/10/2026 18:30:00, Sport TV 2 [22], Euro84,MEO 2, Stats Perform, Soccer, Europe - UEFA Nations League - Male, Europe, Iceland, Bulgaria, League C, True
00d9d977-00b3-43da-8f1c-285757ebab07, 10085495, 03/10/2026 20:00:00, 03/10/2026 22:30:00, Stadium Feed, Euro178,XVI_CH27, Stats Perform, Soccer, Brazil - Serie C - Male, Brazil, Floresta, Botafogo PB, Promotion Round, True
00548be3-b558-4289-9d3f-a84832b0f7f3, 10090505, 03/10/2026 01:10:00, 03/10/2026 07:10:00, Sky Sport Moto GP [208], Euro7,Sky-IT4, Stats Perform, Motorsports, World - FIM MotoGP World Championship - Mixed, World, , , Motul Grand Prix of Japan  :  Free Practice 2, True
, 10090504, 03/10/2026 14:55:00, 03/10/2026 17:55:00, SVT 2 [2], Euro64,SCAND-4 S, Legacy, Ice Hockey, Euro Hockey Tour (W), Europe, Finland, Sweden, , True
, 10089997, 03/10/2026 05:30:00, 03/10/2026 23:00:00, 206 -ESPN 1, Us1,Not Set, Legacy, Special, News & Analysis, United States, , , SportsCenter, True
, 10090003, 03/10/2026 21:00:00, 04/10/2026 03:00:00, 316 GOLF -S, Us26,Not Set, Stats Perform, Golf, United States - Bank of Utah Championship - Mixed, United States, , , Round 3, True
, 10090004, 03/10/2026 20:00:00, 03/10/2026 23:00:00, 639 - SNY, Us12,Not Set, Legacy, Ice Hockey, College Hockey, United States, Quinnipiac, Merrimack , , True
, 10087452, 03/10/2026 11:20:00, 03/10/2026 17:20:00, L Equipe [79/321] SD, Euro18,FRA-1, Legacy, Cycling, European Road Championship, Europe, , , Elite women's race (130 km), True
, 10087453, 03/10/2026 17:45:00, 03/10/2026 23:45:00, Eurosport France [70] SD, Euro19,FRA-2, Legacy, Cycling, Mountain Bike, World, , , Women's race. Cross-country World Cup. 9th inning, True
, 10087454, 03/10/2026 19:45:00, 04/10/2026 01:45:00, Eurosport France [70] SD, Euro19,FRA-2, Legacy, Cycling, Mountain Bike, World, , , Men's race. Cross-country World Cup. 9th inning, True
, 10091295, 03/10/2026 01:45:00, 03/10/2026 11:45:00, Fox Cricket HD [501], Aus1,Not Set, , Cricket, Super 60, Canada, Montreal Royal Tigers, Whiterock Warriors, , True
, 10091297, 03/10/2026 05:45:00, 03/10/2026 15:45:00, Fox Cricket HD [501], Aus3,Not Set, , Cricket, Super 60, Canada, Brampton Blitz, Mississauga Masters, , True
, 10090531, 03/10/2026 06:00:00, 03/10/2026 12:00:00, Eurosport 1 Norway (68), Euro62,SCAND-2 N, , Snooker,  Snooker Shenzhen Open , World, , , Semifinals, True
, 10090532, 03/10/2026 11:30:00, 03/10/2026 17:30:00, Eurosport Norway HD, Euro66,SCAND-6 N, , Snooker,  Snooker Shenzhen Open , World, , , Semifinals, True
, 10090535, 03/10/2026 23:00:00, 04/10/2026 02:00:00, V Sport 1 Norway [89], Euro66,SCAND-6 N, Stats Perform, Ice Hockey, United States - NHL - Male, United States, Tampa Bay Lightning, Washington Capitals, Regular Season, True
, 10090280, 03/10/2026 14:05:00, 03/10/2026 16:35:00, TNT Sport 1 [410], Euro55,ASTRA-3, Stats Perform, Rugby Union, England - Prem - Male, England, Bristol Bears, Northampton Saints, Regular Season, True
, 10093111, 03/10/2026 18:30:00, 03/10/2026 22:00:00, Al Kass [031 / 501], Israel4,Not Set, Stats Perform, Soccer, Asia - Gulf Cup of Nations - Male, Asia, UAE, Oman,  v , True
, 10093112, 03/10/2026 15:55:00, 03/10/2026 19:25:00, Sportdigital Fussball HD [241], Euro28,GER-4, Stats Perform, Soccer, Asia - Gulf Cup of Nations - Male, Asia, Saudi Arabia, Qatar,  v , True
, 10091066, 03/10/2026 03:00:00, 03/10/2026 11:00:00, Match Fighter, Russia3,Not Set, Legacy, Martial Arts, ONE Championship, World, Sh. Erdogan, P. Elliott, One FC, True
, 10093123, 03/10/2026 12:30:00, 03/10/2026 15:00:00, BBC Scotland [187], Euro56,ASTRA-4, Stats Perform, Soccer, England - Women's Super League - Female, England, Manchester United, Liverpool, , True
, 10091076, 03/10/2026 09:00:00, 03/10/2026 15:00:00, Match Fighter, Russia3,Not Set, Legacy, Boxing, Bare Knuckle Fighting Championship, World, H. Hepy, S. Shoemaker, , True
, 10091080, 03/10/2026 08:55:00, 03/10/2026 10:55:00, Match TV, Russia2,Not Set, Legacy, Futsal, Superliga, Russia, Tyumen, Surgut, , True
, 10091081, 03/10/2026 17:00:00, 03/10/2026 19:00:00, C   Sport 1 Poland [171], Euro11,CYFRA-2, Legacy, Speedway, Ekstraliga, Poland, ORLEN OIL Motor Lublin, FOGO Unia Leszno, 3rd place, True
, 10091594, 03/10/2026 10:00:00, 03/10/2026 18:00:00, Super Sport Golf [213], Sa2,Not Set, Stats Perform, Golf, South Africa - Limpopo Championship - Mixed, South Africa, , ,  Day 3, True
, 10091085, 03/10/2026 14:30:00, 03/10/2026 16:30:00, Canal Sport 5 - [175] poland, Euro11,CYFRA-2, Legacy, Speedway, Metalkas 2. Ekstraliga, Poland, Polonia Piła, Moonfin Magnus Ostrów Wlkp., Return match for 7th-8th place, True
, 10081363, 03/10/2026 03:00:00, 03/10/2026 16:00:00, Stadium Feed, Euro102,CRO_CH18, Legacy, Tennis, WTA Jingshan, China PR, , , Center Court, True
, 10081364, 03/10/2026 05:30:00, 03/10/2026 16:00:00, Stadium Feed, Euro139,CRO_CH19, Legacy, Tennis, WTA Jingshan, China PR, , , Court 3, True
, 10092887, 03/10/2026 20:00:00, 04/10/2026 00:00:00, Sport 1 DSF Plus [242], Euro30,GER-6, Stats Perform, Baseball, United States - MLB - Male, United States, Los Angeles Dodgers, Atlanta Braves, Los Angeles Dodgers v , True
, 10092119, 03/10/2026 23:00:00, 04/10/2026 02:00:00, V Sport Vinter HD [88], Euro64,SCAND-4 S, Stats Perform, Ice Hockey, United States - NHL - Male, United States, Buffalo Sabres, Chicago Blackhawks, Regular Season, True
, 10092888, 03/10/2026 22:30:00, 04/10/2026 02:30:00, Sport 1 DSF Plus [242], Euro30,GER-6, Stats Perform, Baseball, United States - MLB - Male, United States, Tampa Bay Rays, New York Yankees, Tampa Bay Rays v , True
, 10090337, 03/10/2026 23:30:00, 04/10/2026 05:30:00, 11 - WPIX, Us5,Not Set, Legacy, Motorsports, NASCAR O'Reilly Auto Parts Series, United States, , , Focused Health 302, True
, 10088037, 03/10/2026 12:00:00, 03/10/2026 18:00:00, Eurosport 1 Norway (68), Euro62,SCAND-2 N, Legacy, Cycling, Giro dell'Emilia, Italy, , , Tour of Emilia. The race (197.9 km)., True
, 10088038, 03/10/2026 15:15:00, 03/10/2026 21:15:00, Eurosport 1 Norway (68), Euro62,SCAND-2 N, Legacy, Cycling, Tour of Munsterland, Germany, , , Tour of Münster. The race., True
, 10091367, 03/10/2026 00:00:00, 03/10/2026 03:00:00, Fox Sports 3 HD [503], Aus3,Not Set, Stats Perform, Golf, United States - LOTTE Championship presented by Hoakalei - Mixed, United States, , , LOTTE Championship presented by Hoakalei 2026 : Round 2 - Singles, True
, 10091368, 03/10/2026 11:00:00, 03/10/2026 17:00:00, Fox Sports 3 HD [503], Aus3,Not Set, Stats Perform, Golf, Scotland - Alfred Dunhill Links Championship - Mixed, Scotland, , , Alfred Dunhill Links Championship 2026 : Round 3 - Singles, True
, 10091369, 03/10/2026 09:30:00, 03/10/2026 16:30:00, Fox Sports 5 HD [505], Aus2,Not Set, Legacy, Darts, ANZ Premier League, World, , , Week 2, True
, 10091374, 03/10/2026 04:15:00, 03/10/2026 10:15:00, Fox Sports 6 HD [506], Aus4,Not Set, Stats Perform, Motorsports, World - FIA F1 World Championship - Mixed, World, , , Gulf Air Bahrain Grand Prix  :  Saturday practice, True
, 10091375, 03/10/2026 07:00:00, 03/10/2026 13:00:00, Fox Sports 6 HD [506], Aus4,Not Set, Stats Perform, Motorsports, World - FIA F1 World Championship - Mixed, World, , , Gulf Air Bahrain Grand Prix  :  1st Qualification, True
, 10091631, 03/10/2026 22:00:00, 04/10/2026 06:00:00, Super Sport Action [210], Sa3,Not Set, Legacy, Martial Arts, UFC, World, Imanol Rodriguez , Alden Coria, UFC 332 Prelims, True
, 10092402, 03/10/2026 01:00:00, 03/10/2026 03:30:00, Sport 5 - [55], Israel9,Not Set, Stats Perform, Basketball, United States - WNBA - Female, United States, Golden State Valkyries, Dallas Wings, Quarter-finals, True
, 10092147, 03/10/2026 01:00:00, 03/10/2026 04:00:00, Viasat Sport Extra HD [71], Euro65,SCAND-5 S, Stats Perform, Ice Hockey, United States - NHL - Male, United States, Dallas Stars, St. Louis Blues, Regular Season, True
, 10092148, 03/10/2026 02:00:00, 03/10/2026 05:00:00, V Sport Vinter HD [88], Euro64,SCAND-4 S, Stats Perform, Ice Hockey, United States - NHL - Male, United States, Vegas Golden Knights, Anaheim Ducks, Regular Season, True
, 10089077, 03/10/2026 03:00:00, 03/10/2026 16:00:00, Stadium Feed, Euro1,Not Set, , Tennis, WTA Suzhou , China PR, , , Center Court (QS), False
, 10091637, 03/10/2026 08:30:00, 03/10/2026 14:30:00, ITV4 [120], Euro53,ASTRA-1, Legacy, Horse Racing, ITV Racing, England, , , ITV Racing, True
, 10089078, 03/10/2026 03:00:00, 03/10/2026 16:00:00, Stadium Feed, Euro1,Not Set, , Tennis, WTA Suzhou , China PR, , , Court 1 (QS), False
, 10091638, 03/10/2026 11:45:00, 03/10/2026 17:45:00, ITV1 [103], Euro53,ASTRA-1, Legacy, Horse Racing, ITV Racing, England, , , Ascot, True
, 10089079, 03/10/2026 03:00:00, 03/10/2026 16:00:00, Stadium Feed, Euro1,Not Set, , Tennis, WTA Suzhou , China PR, , , Court 3 (QS), False
, 10090369, 03/10/2026 14:00:00, 04/10/2026 07:00:00, WFAN Sports Radio [101.9], Us28,Not Set, Legacy, Special, News & Live Sport, United States, , , WFAN Sports Radio, True
, 10058882, 03/10/2026 19:00:00, 04/10/2026 03:00:00, Stadium Feed, Euro130,UZO_CH01, Legacy, Darts, PDC World Grand Prix, World, , , Day 6, True
, 10090374, 03/10/2026 14:00:00, 04/10/2026 07:00:00, Fox Sports Radio New Jersey [95.9], Us29,Not Set, Legacy, Special, News & Live Sport, United States, , , Fox Sports Radio New Jersey, True
, 10089611, 03/10/2026 03:00:00, 03/10/2026 15:00:00, Sport TV 1 [21], Euro83,MEO 1, Legacy, Tennis, ATP Beijing, China PR, , , Day 4, True
, 10092941, 03/10/2026 00:00:00, 03/10/2026 13:00:00, Bein Sports, Israel1,Not Set, , Other, Asian Games, Asia, , , Asian Games 2026: Day 14, False
, 10089615, 03/10/2026 02:00:00, 03/10/2026 13:00:00, Sport TV 2 [22], Euro84,MEO 2, Legacy, Tennis, ATP Tokyo, Japan, , , Day 4, True
, 10090639, 03/10/2026 13:00:00, 03/10/2026 16:00:00, ORF Sports [755], Euro27,GER-3, Legacy, Table Tennis, Austrian League, Austria, Wr. Neudorf, Baden, , True
, 10090641, 03/10/2026 16:00:00, 03/10/2026 18:15:00, ORF Sports [755], Euro27,GER-3, Legacy, Handball, WHA, Austria, Tulln, MGA Fivers Wien, , True
, 10091409, 03/10/2026 09:00:00, 03/10/2026 14:00:00, Fuji One - 614, Jpn9,Not Set, Stats Perform, Baseball, Japan - NPB - Male, Japan, Tokyo Yakult Swallows, Chunichi Dragons, Regular Season, False
, 10091922, 03/10/2026 00:00:00, 03/10/2026 06:00:00, DAZN 2 Spain [71], Euro31,Spain-1, Legacy, Boxing, International Contest, World, Omari Jones, Alan Sanchez, , True
, 10091923, 03/10/2026 18:00:00, 04/10/2026 00:00:00, DAZN 1 Spain [70], Euro31,Spain-1, Legacy, Boxing, International Contest, World, Robert Whittaker, Luke Wallace, , True
, 10059930, 03/10/2026 05:00:00, 03/10/2026 16:00:00, Stadium Feed, Euro104,DZN_Ch02, Legacy, Tennis, WTA Beijing, China PR, , , Capital Group Diamond, True
, 10059931, 03/10/2026 03:00:00, 03/10/2026 16:00:00, Stadium Feed, Euro116,DZN_Ch01, Legacy, Tennis, WTA Beijing, China PR, , , Brad Drewett, True
, 10059932, 03/10/2026 03:00:00, 03/10/2026 16:00:00, Stadium Feed, Euro107,DZN_Ch06, Legacy, Tennis, WTA Beijing, China PR, , , Lotus, True
, 10059933, 03/10/2026 03:00:00, 03/10/2026 16:00:00, Stadium Feed, Euro106,DZN_Ch04, Legacy, Tennis, WTA Beijing, China PR, , , HSBC Moon, True
, 10059935, 03/10/2026 03:00:00, 03/10/2026 16:00:00, Stadium Feed, Euro109,DZN_Ch05, Legacy, Tennis, WTA Beijing, China PR, , , Court 5, True
, 10092448, 03/10/2026 01:00:00, 03/10/2026 09:00:00, C   Sport 1 Poland [171], Euro11,CYFRA-2, Legacy, Martial Arts, ONE Championship, World, , , ONE Fight Night 48, True
, 10092449, 03/10/2026 22:00:00, 04/10/2026 06:00:00, TNT Sport 1 [410], Euro55,ASTRA-3, Legacy, Martial Arts, UFC, World, Imanol Rodriguez , Alden Coria, UFC 332 Prelims, True
, 10092195, 03/10/2026 16:00:00, 03/10/2026 22:00:00, 4 - NBC WCNC united states, Us13,Not Set, Legacy, Motorsports, IMSA Weathertech Sportscar Championship, United States, , , Motul Petit Le Mans, True
, 10092453, 03/10/2026 12:00:00, 03/10/2026 18:00:00, Fox Sports 6 HD [506], Aus4,Not Set, Legacy, Motorsports, British Superbike Championship, United Kingdom, , , Donington Park Day 1, True
, 10089894, 03/10/2026 00:00:00, 03/10/2026 02:30:00, 612 ACC, Us11,Not Set, Legacy, Soccer, College Soccer, United States, Virginia, Virginia Tech, , True
, 10092199, 03/10/2026 20:30:00, 04/10/2026 02:30:00, 246 -TruTv -D, Us20,Not Set, Legacy, Motorsports, NASCAR Cup Series Championship, United States, , , South Point 400, Qualifying, True
, 10089897, 03/10/2026 01:00:00, 03/10/2026 03:30:00, 319 BIGTEN -S, Us24,Not Set, Legacy, Volleyball, Women's College Volleyball, United States, Oregon, Purdue, , True
, 10089898, 03/10/2026 03:00:00, 03/10/2026 05:30:00, 319 BIGTEN -S, Us24,Not Set, Legacy, Volleyball, Women's College Volleyball, United States, USC, Michigan, , True
, 10090160, 03/10/2026 05:00:00, 03/10/2026 10:00:00, KBSN Sports, NewKorea1,Not Set, Stats Perform, Baseball, South Korea - KBO - Male, South Korea, LG Twins, KIA Tigers, Regular Season, True
, 10090164, 03/10/2026 05:00:00, 03/10/2026 10:00:00, SPOTV, NewKorea4,Not Set, Stats Perform, Baseball, South Korea - KBO - Male, South Korea, Samsung Lions, Doosan Bears, Regular Season, True
, 10090165, 03/10/2026 05:00:00, 03/10/2026 10:00:00, SPOTV2, NewKorea5,Not Set, Stats Perform, Baseball, South Korea - KBO - Male, South Korea, NC Dinos, SSG Landers, Regular Season, True
, 10092471, 03/10/2026 17:15:00, 03/10/2026 20:15:00, BBC1 [101], Euro57,ASTRA-5, Legacy, Special, Strictly Come Dancing, England, , , Week 2, True
, 10089656, 03/10/2026 18:45:00, 03/10/2026 21:15:00, Super Sport Football [205], Sa2,Not Set, Stats Perform, Soccer, Europe - UEFA Nations League - Male, Europe, Switzerland, Slovenia, League B, True
, 10089657, 03/10/2026 13:00:00, 03/10/2026 15:30:00, Super Sport Premier League [203], Sa3,Not Set, Stats Perform, Soccer, Europe - UEFA Nations League - Male, Europe, Finland, Albania, League C, True
, 10090169, 03/10/2026 05:00:00, 03/10/2026 10:00:00, SBS Sports, NewKorea2,Not Set, Stats Perform, Baseball, South Korea - KBO - Male, South Korea, Hanwha Eagles, Kiwoom Heroes, Regular Season, True
, 10089658, 03/10/2026 16:00:00, 03/10/2026 18:30:00, ITV1 [103], Euro53,ASTRA-1, Stats Perform, Soccer, Europe - UEFA Nations League - Male, Europe, Croatia, England, League A, True
, 10089659, 03/10/2026 18:45:00, 03/10/2026 21:15:00, Virgin Media Two [105], Euro200,IRL_VIRGIN2, Stats Perform, Soccer, Europe - UEFA Nations League - Male, Europe, Spain, Czechia, League A, True
, 10090174, 03/10/2026 05:00:00, 03/10/2026 10:00:00, MBC ESPN, NewKorea3,Not Set, Stats Perform, Baseball, South Korea - KBO - Male, South Korea, KT Wiz, Lotte Giants, Regular Season, True
, 10081761, 03/10/2026 12:00:00, 04/10/2026 02:00:00, Stadium Feed, Euro124,CRO_CH21, , Tennis, WTA Adana, Turkey, , , Centre Court, True
, 10092257, 03/10/2026 10:00:00, 03/10/2026 18:00:00, Yes Sport 4 - [54], Israel11,Not Set, Legacy, Other, Padel Tennis, World, , , Premier Padel Rotterdam Semifinals 1, True
, 10090210, 03/10/2026 11:45:00, 03/10/2026 14:15:00, Premier Sports 2 [419], Euro54,ASTRA-2, Stats Perform, Rugby Union, Europe - United Rugby Championship - Male, Europe, 10bet Lions Rugby, Ospreys, Regular Season, True
, 10092258, 03/10/2026 16:30:00, 04/10/2026 00:30:00, Yes Sport 6, Israel10,Not Set, Legacy, Other, Padel Tennis, World, , , Premier Padel Rotterdam Semifinals 2, True
, 10090211, 03/10/2026 14:00:00, 03/10/2026 16:30:00, Premier Sports 2 [419], Euro54,ASTRA-2, Stats Perform, Rugby Union, Europe - United Rugby Championship - Male, Europe, Dragons, Scarlets, Regular Season, True
, 10090215, 03/10/2026 00:00:00, 03/10/2026 03:00:00, Premier Sports 1 [419] united kingdom, Euro54,ASTRA-2, Stats Perform, Ice Hockey, United States - NHL - Male, United States, Winnipeg Jets, Boston Bruins, Regular Season, True
, 10090222, 03/10/2026 18:45:00, 03/10/2026 21:15:00, BBC Scotland [187], Euro56,ASTRA-4, Stats Perform, Soccer, Europe - UEFA Nations League - Male, Europe, North Macedonia, Scotland, League B, True
, 10090230, 03/10/2026 16:00:00, 03/10/2026 18:30:00, Radio 5 Live united kingdom, Euro44,R5L, Stats Perform, Soccer, Europe - UEFA Nations League - Male, Europe, Croatia, England, League A, True
, 10092534, 03/10/2026 14:00:00, 03/10/2026 16:30:00, Canal 11 [11], Euro83,MEO 1, Stats Perform, Soccer, Europe - UEFA U17 Championship Qualification - Male, Europe, Portugal, Qatar, , True
, 10092536, 03/10/2026 21:00:00, 04/10/2026 03:00:00, Radio 5 Live united kingdom, Euro44,R5L, Legacy, Boxing, International Contest, World, Ben Whittaker, Conor Wallace, , True
, 10092540, 03/10/2026 12:30:00, 03/10/2026 15:00:00, Radio 5 Live SX, Euro43,R5LX, Stats Perform, Soccer, England - Women's Super League - Female, England, Manchester United, Liverpool, , True
, 10092541, 03/10/2026 17:00:00, 03/10/2026 19:30:00, Radio 5 Live SX, Euro43,R5L, Stats Perform, Rugby League, England - Super League - Male, England, Warrington Wolves, Wakefield Trinity,  v , True
, 10092542, 03/10/2026 08:00:00, 03/10/2026 14:00:00, Radio 5 Live SX, Euro43,R5LX, Stats Perform, Motorsports, World - FIA F1 World Championship - Mixed, World, , , Gulf Air Bahrain Grand Prix  :  1st Qualification, True
